313437,2009-02-11T11:33:30Z,2009-03-16T23:09:47Z
313438,2009-02-11T11:33:43Z,2009-03-16T23:09:48Z
313455,2009-02-11T11:38:55Z,2009-03-16T23:09:49Z
313505,2009-02-11T11:55:30Z,2009-03-16T23:09:52Z
313506,2009-02-11T11:55:49Z,2009-03-16T23:09:53Z
313509,2009-02-11T11:57:36Z,2009-03-16T23:09:54Z
313511,2009-02-11T11:58:40Z,2009-03-16T23:09:56Z
313512,2009-02-11T11:58:55Z,2009-03-16T23:09:56Z
313490,2009-02-11T11:50:17Z,2009-03-16T23:09:58Z
313492,2009-02-11T11:50:59Z,2009-03-16T23:10:00Z
313493,2009-02-11T11:51:15Z,2009-03-16T23:10:00Z
313496,2009-02-11T11:52:11Z,2009-03-16T23:10:01Z
313501,2009-02-11T11:54:09Z,2009-03-16T23:10:02Z
313504,2009-02-11T11:54:53Z,2009-03-16T23:10:03Z
313523,2009-02-11T12:03:28Z,2009-03-16T23:10:05Z
313525,2009-02-11T12:04:25Z,2009-03-16T23:10:05Z
313527,2009-02-11T12:06:09Z,2009-03-16T23:10:06Z
313529,2009-02-11T12:06:48Z,2009-03-16T23:10:08Z
313530,2009-02-11T12:07:07Z,2009-03-16T23:10:08Z
313532,2009-02-11T12:08:07Z,2009-03-16T23:10:10Z
313516,2009-02-11T12:00:59Z,2009-03-16T23:10:10Z
313566,2009-02-11T12:20:39Z,2009-03-16T23:10:12Z
313569,2009-02-11T12:22:00Z,2009-03-16T23:10:13Z
313625,2009-02-11T12:39:04Z,2009-03-16T23:10:15Z
313699,2009-02-11T13:04:37Z,2009-03-16T23:10:15Z
313702,2009-02-11T13:05:50Z,2009-03-16T23:10:16Z
313716,2009-02-11T13:10:55Z,2009-03-16T23:10:17Z
313717,2009-02-11T13:11:03Z,2009-03-16T23:10:18Z
313719,2009-02-11T13:11:25Z,2009-03-16T23:10:19Z
313720,2009-02-11T13:11:43Z,2009-03-16T23:10:20Z
313753,2009-02-11T13:23:12Z,2009-03-16T23:10:21Z
313754,2009-02-11T13:23:20Z,2009-03-16T23:10:21Z
313755,2009-02-11T13:23:29Z,2009-03-16T23:10:22Z
313757,2009-02-11T13:24:10Z,2009-03-16T23:10:23Z
313758,2009-02-11T13:24:44Z,2009-03-16T23:10:24Z
313782,2009-02-11T13:33:48Z,2009-03-16T23:10:27Z
313783,2009-02-11T13:34:04Z,2009-03-16T23:10:28Z
313787,2009-02-11T13:35:46Z,2009-03-16T23:10:31Z
313766,2009-02-11T13:27:51Z,2009-03-16T23:10:33Z
313767,2009-02-11T13:28:09Z,2009-03-16T23:10:34Z
313768,2009-02-11T13:28:26Z,2009-03-16T23:10:35Z
313770,2009-02-11T13:28:52Z,2009-03-16T23:10:36Z
313771,2009-02-11T13:29:03Z,2009-03-16T23:10:36Z
313776,2009-02-11T13:30:23Z,2009-03-16T23:10:38Z
313779,2009-02-11T13:31:40Z,2009-03-16T23:10:39Z
313790,2009-02-11T13:36:21Z,2009-03-16T23:10:40Z
313798,2009-02-11T13:38:22Z,2009-03-16T23:10:42Z
313801,2009-02-11T13:39:18Z,2009-03-16T23:10:43Z
313804,2009-02-11T13:40:09Z,2009-03-16T23:10:45Z
313805,2009-02-11T13:40:20Z,2009-03-16T23:10:45Z
313810,2009-02-11T13:41:59Z,2009-03-16T23:10:48Z
313811,2009-02-11T13:42:11Z,2009-03-16T23:10:49Z
313812,2009-02-11T13:42:22Z,2009-03-16T23:10:49Z
313813,2009-02-11T13:42:33Z,2009-03-16T23:10:50Z
313814,2009-02-11T13:42:43Z,2009-03-16T23:10:51Z
314186,2009-02-11T15:58:31Z,2009-03-16T23:10:53Z
314190,2009-02-11T15:59:26Z,2009-03-16T23:10:53Z
314191,2009-02-11T15:59:49Z,2009-03-16T23:10:54Z
314196,2009-02-11T16:01:51Z,2009-03-16T23:10:55Z
314197,2009-02-11T16:02:04Z,2009-03-16T23:10:56Z
314203,2009-02-11T16:03:48Z,2009-03-16T23:10:57Z
314170,2009-02-11T15:52:56Z,2009-03-16T23:10:59Z
314176,2009-02-11T15:55:28Z,2009-03-16T23:10:59Z
314180,2009-02-11T15:56:50Z,2009-03-16T23:11:01Z
314181,2009-02-11T15:57:00Z,2009-03-16T23:11:01Z
314182,2009-02-11T15:57:12Z,2009-03-16T23:11:02Z
314188,2009-02-11T15:58:52Z,2009-03-16T23:11:04Z
314189,2009-02-11T15:59:03Z,2009-03-16T23:11:05Z
314192,2009-02-11T16:00:05Z,2009-03-16T23:11:05Z
314199,2009-02-11T16:02:37Z,2009-03-16T23:11:06Z
314200,2009-02-11T16:02:50Z,2009-03-16T23:11:07Z
314201,2009-02-11T16:03:08Z,2009-03-16T23:11:07Z
314202,2009-02-11T16:03:25Z,2009-03-16T23:11:08Z
314379,2009-02-11T17:01:50Z,2009-03-16T23:11:09Z
314380,2009-02-11T17:02:07Z,2009-03-16T23:11:09Z
314396,2009-02-11T17:07:09Z,2009-03-16T23:11:10Z
314397,2009-02-11T17:07:35Z,2009-03-16T23:11:11Z
314398,2009-02-11T17:08:06Z,2009-03-16T23:11:12Z
314399,2009-02-11T17:08:32Z,2009-03-16T23:11:12Z
314400,2009-02-11T17:08:48Z,2009-03-16T23:11:13Z
314401,2009-02-11T17:09:15Z,2009-03-16T23:11:14Z
314408,2009-02-11T17:11:10Z,2009-03-16T23:11:15Z
314409,2009-02-11T17:11:22Z,2009-03-16T23:11:16Z
314413,2009-02-11T17:12:32Z,2009-03-16T23:11:16Z
314386,2009-02-11T17:03:47Z,2009-03-16T23:11:18Z
314387,2009-02-11T17:04:05Z,2009-03-16T23:11:19Z
314388,2009-02-11T17:04:17Z,2009-03-16T23:11:20Z
314390,2009-02-11T17:04:38Z,2009-03-16T23:11:20Z
314429,2009-02-11T17:17:19Z,2009-03-16T23:11:23Z
314512,2009-02-11T17:46:15Z,2009-03-16T23:11:24Z
314513,2009-02-11T17:46:44Z,2009-03-16T23:11:25Z
314515,2009-02-11T17:48:00Z,2009-03-16T23:11:25Z
314493,2009-02-11T17:37:38Z,2009-03-16T23:11:26Z
314494,2009-02-11T17:37:50Z,2009-03-16T23:11:27Z
314497,2009-02-11T17:38:54Z,2009-03-16T23:11:27Z
314501,2009-02-11T17:40:45Z,2009-03-16T23:11:28Z
314537,2009-02-11T17:55:22Z,2009-03-16T23:11:29Z
314538,2009-02-11T17:55:40Z,2009-03-16T23:11:29Z
314539,2009-02-11T17:56:10Z,2009-03-16T23:11:30Z
314543,2009-02-11T17:57:46Z,2009-03-16T23:11:31Z
314563,2009-02-11T18:05:17Z,2009-03-16T23:11:32Z
314575,2009-02-11T18:08:16Z,2009-03-16T23:11:33Z
314585,2009-02-11T18:11:17Z,2009-03-16T23:11:35Z
314552,2009-02-11T18:01:05Z,2009-03-16T23:11:36Z
314556,2009-02-11T18:02:37Z,2009-03-16T23:11:37Z
314558,2009-02-11T18:03:11Z,2009-03-16T23:11:38Z
314559,2009-02-11T18:03:26Z,2009-03-16T23:11:38Z
314564,2009-02-11T18:05:26Z,2009-03-16T23:11:39Z
314565,2009-02-11T18:05:42Z,2009-03-16T23:11:40Z
314566,2009-02-11T18:05:50Z,2009-03-16T23:11:41Z
314568,2009-02-11T18:06:26Z,2009-03-16T23:11:42Z
314573,2009-02-11T18:07:20Z,2009-03-16T23:11:44Z
314574,2009-02-11T18:07:32Z,2009-03-16T23:11:45Z
314667,2009-02-11T18:37:30Z,2009-03-16T23:11:46Z
314670,2009-02-11T18:38:21Z,2009-03-16T23:11:47Z
314671,2009-02-11T18:38:38Z,2009-03-16T23:11:48Z
314672,2009-02-11T18:38:58Z,2009-03-16T23:11:48Z
314682,2009-02-11T18:42:01Z,2009-03-16T23:11:52Z
314688,2009-02-11T18:44:00Z,2009-03-16T23:11:53Z
314693,2009-02-11T18:45:33Z,2009-03-16T23:11:54Z
314695,2009-02-11T18:46:21Z,2009-03-16T23:11:56Z
314696,2009-02-11T18:46:47Z,2009-03-16T23:11:56Z
314719,2009-02-11T18:52:34Z,2009-03-16T23:11:58Z
314683,2009-02-11T18:42:21Z,2009-03-16T23:11:59Z
314687,2009-02-11T18:43:40Z,2009-03-16T23:12:01Z
314689,2009-02-11T18:44:14Z,2009-03-16T23:12:01Z
314691,2009-02-11T18:44:40Z,2009-03-16T23:12:02Z
314697,2009-02-11T18:47:02Z,2009-03-16T23:12:03Z
314698,2009-02-11T18:47:21Z,2009-03-16T23:12:04Z
314702,2009-02-11T18:48:18Z,2009-03-16T23:12:07Z
314703,2009-02-11T18:48:31Z,2009-03-16T23:12:07Z
314705,2009-02-11T18:48:57Z,2009-03-16T23:12:09Z
314707,2009-02-11T18:49:24Z,2009-03-16T23:12:10Z
314708,2009-02-11T18:49:41Z,2009-03-16T23:12:11Z
314912,2009-02-11T19:56:15Z,2009-03-16T23:12:12Z
314913,2009-02-11T19:56:29Z,2009-03-16T23:12:13Z
314915,2009-02-11T19:57:19Z,2009-03-16T23:12:14Z
314916,2009-02-11T19:57:32Z,2009-03-16T23:12:15Z
314917,2009-02-11T19:58:32Z,2009-03-16T23:12:15Z
314926,2009-02-11T20:01:12Z,2009-03-16T23:12:17Z
314927,2009-02-11T20:01:25Z,2009-03-16T23:12:18Z
314929,2009-02-11T20:01:48Z,2009-03-16T23:12:19Z
314931,2009-02-11T20:02:28Z,2009-03-16T23:12:20Z
314932,2009-02-11T20:02:43Z,2009-03-16T23:12:21Z
314933,2009-02-11T20:02:56Z,2009-03-16T23:12:21Z
314936,2009-02-11T20:03:51Z,2009-03-16T23:12:23Z
314937,2009-02-11T20:03:59Z,2009-03-16T23:12:23Z
314941,2009-02-11T20:05:38Z,2009-03-16T23:12:24Z
314948,2009-02-11T20:08:01Z,2009-03-16T23:12:25Z
314949,2009-02-11T20:08:12Z,2009-03-16T23:12:25Z
314950,2009-02-11T20:08:29Z,2009-03-16T23:12:26Z
314963,2009-02-11T20:11:42Z,2009-03-16T23:12:26Z
314966,2009-02-11T20:12:55Z,2009-03-16T23:12:27Z
314967,2009-02-11T20:13:30Z,2009-03-16T23:12:28Z
314969,2009-02-11T20:13:58Z,2009-03-16T23:12:29Z
314990,2009-02-11T20:20:50Z,2009-03-16T23:12:30Z
314991,2009-02-11T20:21:07Z,2009-03-16T23:12:31Z
314994,2009-02-11T20:21:49Z,2009-03-16T23:12:31Z
314995,2009-02-11T20:22:05Z,2009-03-16T23:12:32Z
314998,2009-02-11T20:22:45Z,2009-03-16T23:12:34Z
315006,2009-02-11T20:25:54Z,2009-03-16T23:12:35Z
315009,2009-02-11T20:27:01Z,2009-03-16T23:12:36Z
315010,2009-02-11T20:27:21Z,2009-03-16T23:12:36Z
315011,2009-02-11T20:28:03Z,2009-03-16T23:12:37Z
315012,2009-02-11T20:28:22Z,2009-03-16T23:12:38Z
315013,2009-02-11T20:28:40Z,2009-03-16T23:12:38Z
315014,2009-02-11T20:28:56Z,2009-03-16T23:12:39Z
315028,2009-02-11T20:32:49Z,2009-03-16T23:12:42Z
315029,2009-02-11T20:33:09Z,2009-03-16T23:12:43Z
315017,2009-02-11T20:29:50Z,2009-03-16T23:12:45Z
315018,2009-02-11T20:30:04Z,2009-03-16T23:12:46Z
315019,2009-02-11T20:30:12Z,2009-03-16T23:12:47Z
315030,2009-02-11T20:33:20Z,2009-03-16T23:12:47Z
315057,2009-02-11T20:41:21Z,2009-03-16T23:12:50Z
315197,2009-02-11T21:24:12Z,2009-03-16T23:12:52Z
315223,2009-02-11T21:31:25Z,2009-03-16T23:12:54Z
315224,2009-02-11T21:31:36Z,2009-03-16T23:12:55Z
315187,2009-02-11T21:21:23Z,2009-03-16T23:12:56Z
315191,2009-02-11T21:22:45Z,2009-03-16T23:12:57Z
315194,2009-02-11T21:23:33Z,2009-03-16T23:12:58Z
315208,2009-02-11T21:26:38Z,2009-03-16T23:12:59Z
315209,2009-02-11T21:26:47Z,2009-03-16T23:13:00Z
315211,2009-02-11T21:27:29Z,2009-03-16T23:13:00Z
315213,2009-02-11T21:28:00Z,2009-03-16T23:13:01Z
315215,2009-02-11T21:28:30Z,2009-03-16T23:13:02Z
315216,2009-02-11T21:28:47Z,2009-03-16T23:13:03Z
315218,2009-02-11T21:29:14Z,2009-03-16T23:13:04Z
315219,2009-02-11T21:29:30Z,2009-03-16T23:13:05Z
315225,2009-02-11T21:31:47Z,2009-03-16T23:13:06Z
315226,2009-02-11T21:32:01Z,2009-03-16T23:13:07Z
315237,2009-02-11T21:36:10Z,2009-03-16T23:13:07Z
315238,2009-02-11T21:36:51Z,2009-03-16T23:13:08Z
315271,2009-02-11T21:48:00Z,2009-03-16T23:13:10Z
315459,2009-02-11T22:51:25Z,2009-03-16T23:13:10Z
315461,2009-02-11T22:51:53Z,2009-03-16T23:13:11Z
310816,2009-02-10T19:18:41Z,2009-03-16T23:13:14Z
310878,2009-02-10T19:41:28Z,2009-03-16T23:13:21Z
310942,2009-02-10T20:07:44Z,2009-03-16T23:13:23Z
310948,2009-02-10T20:09:41Z,2009-03-16T23:13:26Z
310949,2009-02-10T20:09:59Z,2009-03-16T23:13:27Z
310960,2009-02-10T20:15:03Z,2009-03-16T23:13:29Z
310981,2009-02-10T20:22:09Z,2009-03-16T23:13:34Z
310997,2009-02-10T20:27:24Z,2009-03-16T23:13:36Z
311054,2009-02-10T20:46:13Z,2009-03-16T23:13:38Z
311055,2009-02-10T20:46:46Z,2009-03-16T23:13:38Z
311114,2009-02-10T21:12:51Z,2009-03-16T23:13:41Z
311276,2009-02-10T22:11:07Z,2009-03-16T23:13:45Z
311506,2009-02-10T23:28:55Z,2009-03-16T23:13:46Z
311578,2009-02-10T23:58:42Z,2009-03-16T23:13:47Z
311671,2009-02-11T00:33:34Z,2009-03-16T23:13:50Z
311675,2009-02-11T00:34:30Z,2009-03-16T23:13:52Z
311680,2009-02-11T00:35:54Z,2009-03-16T23:13:54Z
311737,2009-02-11T00:55:25Z,2009-03-16T23:13:55Z
311741,2009-02-11T00:57:19Z,2009-03-16T23:13:56Z
311743,2009-02-11T00:58:01Z,2009-03-16T23:13:57Z
311746,2009-02-11T00:58:52Z,2009-03-16T23:13:58Z
311747,2009-02-11T00:59:09Z,2009-03-16T23:13:58Z
311811,2009-02-11T01:18:56Z,2009-03-16T23:14:00Z
311821,2009-02-11T01:23:04Z,2009-03-16T23:14:01Z
311847,2009-02-11T01:32:51Z,2009-03-16T23:14:01Z
311914,2009-02-11T01:56:34Z,2009-03-16T23:14:02Z
311966,2009-02-11T02:15:53Z,2009-03-16T23:14:03Z
311967,2009-02-11T02:16:09Z,2009-03-16T23:14:04Z
311987,2009-02-11T02:23:07Z,2009-03-16T23:14:05Z
312021,2009-02-11T02:34:41Z,2009-03-16T23:14:08Z
312060,2009-02-11T02:48:48Z,2009-03-16T23:14:09Z
312063,2009-02-11T02:49:41Z,2009-03-16T23:14:11Z
312067,2009-02-11T02:51:09Z,2009-03-16T23:14:12Z
312090,2009-02-11T02:59:42Z,2009-03-16T23:14:13Z
312112,2009-02-11T03:08:02Z,2009-03-16T23:14:13Z
312119,2009-02-11T03:11:08Z,2009-03-16T23:14:14Z
312133,2009-02-11T03:15:42Z,2009-03-16T23:14:15Z
312134,2009-02-11T03:16:13Z,2009-03-16T23:14:16Z
312136,2009-02-11T03:16:37Z,2009-03-16T23:14:18Z
312137,2009-02-11T03:17:26Z,2009-03-16T23:14:19Z
312138,2009-02-11T03:17:37Z,2009-03-16T23:14:19Z
312139,2009-02-11T03:17:55Z,2009-03-16T23:14:20Z
312149,2009-02-11T03:20:37Z,2009-03-16T23:14:21Z
312221,2009-02-11T03:34:15Z,2009-03-16T23:14:22Z
312224,2009-02-11T03:34:36Z,2009-03-16T23:14:23Z
312290,2009-02-11T03:44:13Z,2009-03-16T23:14:24Z
312341,2009-02-11T03:57:38Z,2009-03-16T23:14:26Z
312342,2009-02-11T03:58:05Z,2009-03-16T23:14:26Z
312344,2009-02-11T03:58:38Z,2009-03-16T23:14:28Z
312351,2009-02-11T04:01:35Z,2009-03-16T23:14:28Z
312559,2009-02-11T05:09:22Z,2009-03-16T23:14:31Z
312845,2009-02-11T06:30:19Z,2009-03-16T23:14:33Z
312858,2009-02-11T06:34:03Z,2009-03-16T23:14:33Z
312863,2009-02-11T06:36:38Z,2009-03-16T23:14:34Z
312887,2009-02-11T06:44:43Z,2009-03-16T23:14:34Z
312907,2009-02-11T06:50:12Z,2009-03-16T23:14:35Z
312912,2009-02-11T06:51:36Z,2009-03-16T23:14:36Z
312964,2009-02-11T07:09:14Z,2009-03-16T23:14:38Z
312976,2009-02-11T07:14:16Z,2009-03-16T23:14:38Z
313018,2009-02-11T07:30:06Z,2009-03-16T23:14:40Z
313107,2009-02-11T07:58:06Z,2009-03-16T23:14:41Z
313108,2009-02-11T07:58:23Z,2009-03-16T23:14:41Z
316181,2009-02-17T23:58:24Z,2009-03-16T23:14:42Z
316217,2009-02-18T00:10:34Z,2009-03-16T23:14:44Z
313283,2009-02-11T09:35:16Z,2009-03-16T23:14:46Z
316293,2009-02-18T00:36:57Z,2009-03-16T23:14:48Z
313312,2009-02-11T10:36:28Z,2009-03-16T23:14:48Z
316300,2009-02-18T00:39:37Z,2009-03-16T23:14:49Z
313350,2009-02-11T11:03:41Z,2009-03-16T23:14:50Z
313740,2009-02-11T13:18:35Z,2009-03-16T23:14:51Z
314002,2009-02-11T14:49:05Z,2009-03-16T23:14:54Z
314035,2009-02-11T14:59:59Z,2009-03-16T23:14:55Z
314060,2009-02-11T15:10:39Z,2009-03-16T23:14:57Z
314133,2009-02-11T15:37:47Z,2009-03-16T23:14:58Z
314218,2009-02-11T16:08:45Z,2009-03-16T23:14:59Z
314219,2009-02-11T16:09:02Z,2009-03-16T23:14:59Z
314220,2009-02-11T16:09:15Z,2009-03-16T23:15:00Z
314240,2009-02-11T16:14:49Z,2009-03-16T23:15:00Z
314304,2009-02-11T16:39:22Z,2009-03-16T23:15:01Z
314307,2009-02-11T16:40:38Z,2009-03-16T23:15:02Z
314309,2009-02-11T16:41:03Z,2009-03-16T23:15:03Z
314310,2009-02-11T16:41:15Z,2009-03-16T23:15:04Z
314312,2009-02-11T16:41:43Z,2009-03-16T23:15:05Z
314319,2009-02-11T16:44:05Z,2009-03-16T23:15:06Z
314321,2009-02-11T16:44:33Z,2009-03-16T23:15:07Z
314330,2009-02-11T16:46:38Z,2009-03-16T23:15:09Z
314331,2009-02-11T16:47:24Z,2009-03-16T23:15:10Z
314333,2009-02-11T16:47:48Z,2009-03-16T23:15:11Z
314335,2009-02-11T16:48:34Z,2009-03-16T23:15:13Z
314336,2009-02-11T16:49:13Z,2009-03-16T23:15:13Z
314829,2009-02-11T19:28:56Z,2009-03-16T23:15:14Z
315134,2009-02-11T21:04:42Z,2009-03-16T23:15:15Z
315142,2009-02-11T21:06:46Z,2009-03-16T23:15:16Z
315143,2009-02-11T21:07:18Z,2009-03-16T23:15:16Z
315145,2009-02-11T21:07:58Z,2009-03-16T23:15:18Z
315372,2009-02-11T22:21:18Z,2009-03-16T23:15:18Z
315373,2009-02-11T22:21:31Z,2009-03-16T23:15:19Z
317711,2009-02-27T05:56:00Z,2009-03-16T23:15:22Z
316201,2009-02-18T00:04:49Z,2009-03-16T23:15:22Z
316213,2009-02-18T00:07:50Z,2009-03-16T23:15:24Z
316218,2009-02-18T00:10:52Z,2009-03-16T23:15:26Z
316221,2009-02-18T00:12:13Z,2009-03-16T23:15:26Z
316224,2009-02-18T00:13:03Z,2009-03-16T23:15:27Z
316236,2009-02-18T00:16:37Z,2009-03-16T23:15:28Z
316240,2009-02-18T00:17:23Z,2009-03-16T23:15:28Z
316253,2009-02-18T00:21:26Z,2009-03-16T23:15:30Z
316259,2009-02-18T00:23:52Z,2009-03-16T23:15:30Z
316265,2009-02-18T00:25:59Z,2009-03-16T23:15:31Z
316274,2009-02-18T00:29:01Z,2009-03-16T23:15:32Z
316305,2009-02-18T00:41:09Z,2009-03-16T23:15:34Z
316314,2009-02-18T00:44:05Z,2009-03-16T23:15:34Z
316183,2009-02-17T23:59:03Z,2009-03-16T23:15:36Z
316184,2009-02-17T23:59:16Z,2009-03-16T23:15:36Z
316188,2009-02-18T00:00:32Z,2009-03-16T23:15:37Z
316189,2009-02-18T00:00:49Z,2009-03-16T23:15:38Z
316191,2009-02-18T00:01:35Z,2009-03-16T23:15:39Z
316192,2009-02-18T00:01:45Z,2009-03-16T23:15:40Z
316194,2009-02-18T00:02:24Z,2009-03-16T23:15:40Z
316195,2009-02-18T00:02:53Z,2009-03-16T23:15:41Z
316196,2009-02-18T00:03:10Z,2009-03-16T23:15:42Z
316197,2009-02-18T00:03:41Z,2009-03-16T23:15:43Z
316200,2009-02-18T00:04:33Z,2009-03-16T23:15:44Z
316202,2009-02-18T00:04:59Z,2009-03-16T23:15:45Z
316205,2009-02-18T00:05:41Z,2009-03-16T23:15:46Z
316208,2009-02-18T00:06:42Z,2009-03-16T23:15:48Z
316210,2009-02-18T00:07:13Z,2009-03-16T23:15:48Z
316212,2009-02-18T00:07:38Z,2009-03-16T23:15:49Z
316214,2009-02-18T00:08:31Z,2009-03-16T23:15:50Z
316215,2009-02-18T00:09:26Z,2009-03-16T23:15:50Z
316216,2009-02-18T00:09:42Z,2009-03-16T23:15:51Z
316219,2009-02-18T00:11:29Z,2009-03-16T23:15:52Z
316222,2009-02-18T00:12:25Z,2009-03-16T23:15:52Z
316227,2009-02-18T00:13:58Z,2009-03-16T23:15:53Z
316233,2009-02-18T00:16:07Z,2009-03-16T23:15:54Z
316244,2009-02-18T00:18:15Z,2009-03-16T23:15:55Z
316245,2009-02-18T00:18:46Z,2009-03-16T23:15:56Z
316246,2009-02-18T00:19:08Z,2009-03-16T23:15:56Z
316248,2009-02-18T00:19:46Z,2009-03-16T23:15:57Z
316250,2009-02-18T00:20:25Z,2009-03-16T23:15:58Z
316251,2009-02-18T00:20:42Z,2009-03-16T23:15:58Z
316258,2009-02-18T00:22:58Z,2009-03-16T23:16:00Z
316263,2009-02-18T00:25:20Z,2009-03-16T23:16:02Z
316264,2009-02-18T00:25:42Z,2009-03-16T23:16:03Z
316270,2009-02-18T00:27:34Z,2009-03-16T23:16:05Z
316272,2009-02-18T00:28:30Z,2009-03-16T23:16:07Z
316275,2009-02-18T00:29:14Z,2009-03-16T23:16:08Z
316276,2009-02-18T00:29:26Z,2009-03-16T23:16:09Z
316277,2009-02-18T00:29:57Z,2009-03-16T23:16:09Z
316278,2009-02-18T00:30:09Z,2009-03-16T23:16:10Z
316279,2009-02-18T00:30:40Z,2009-03-16T23:16:10Z
316281,2009-02-18T00:31:19Z,2009-03-16T23:16:11Z
316282,2009-02-18T00:32:00Z,2009-03-16T23:16:12Z
316283,2009-02-18T00:32:25Z,2009-03-16T23:16:12Z
316288,2009-02-18T00:34:25Z,2009-03-16T23:16:13Z
316290,2009-02-18T00:35:10Z,2009-03-16T23:16:14Z
316294,2009-02-18T00:37:42Z,2009-03-16T23:16:16Z
316299,2009-02-18T00:39:28Z,2009-03-16T23:16:18Z
316303,2009-02-18T00:40:28Z,2009-03-16T23:16:19Z
316304,2009-02-18T00:40:44Z,2009-03-16T23:16:19Z
316306,2009-02-18T00:41:28Z,2009-03-16T23:16:20Z
316307,2009-02-18T00:41:38Z,2009-03-16T23:16:20Z
316310,2009-02-18T00:42:31Z,2009-03-16T23:16:21Z
316311,2009-02-18T00:42:48Z,2009-03-16T23:16:22Z
316313,2009-02-18T00:43:17Z,2009-03-16T23:16:22Z
316315,2009-02-18T00:44:19Z,2009-03-16T23:16:23Z
316318,2009-02-18T00:45:59Z,2009-03-16T23:16:24Z
319052,2009-03-17T00:13:13Z,2009-03-17T00:13:17Z
319054,2009-03-17T02:12:43Z,2009-03-17T02:12:46Z
319055,2009-03-17T02:13:00Z,2009-03-17T02:13:00Z
319058,2009-03-17T02:13:53Z,2009-03-17T02:13:54Z
319060,2009-03-17T02:14:43Z,2009-03-17T02:14:44Z
319064,2009-03-17T02:15:46Z,2009-03-17T02:15:47Z
319065,2009-03-17T02:16:02Z,2009-03-17T02:16:02Z
319066,2009-03-17T02:16:28Z,2009-03-17T02:16:29Z
319067,2009-03-17T02:17:03Z,2009-03-17T02:17:04Z
319068,2009-03-17T02:17:15Z,2009-03-17T02:17:16Z
319070,2009-03-17T02:17:45Z,2009-03-17T02:17:46Z
319071,2009-03-17T02:18:04Z,2009-03-17T02:18:05Z
319072,2009-03-17T02:18:21Z,2009-03-17T02:18:22Z
319073,2009-03-17T02:18:38Z,2009-03-17T02:18:39Z
319074,2009-03-17T02:18:52Z,2009-03-17T02:18:53Z
319075,2009-03-17T02:19:09Z,2009-03-17T02:19:10Z
319076,2009-03-17T02:19:39Z,2009-03-17T02:19:40Z
319077,2009-03-17T02:19:53Z,2009-03-17T02:19:54Z
319078,2009-03-17T02:20:08Z,2009-03-17T02:20:09Z
319079,2009-03-17T02:20:22Z,2009-03-17T02:20:23Z
319081,2009-03-17T02:20:57Z,2009-03-17T02:20:58Z
319082,2009-03-17T02:21:15Z,2009-03-17T02:21:15Z
319083,2009-03-17T02:21:24Z,2009-03-17T02:21:25Z
319084,2009-03-17T02:21:39Z,2009-03-17T02:21:39Z
319085,2009-03-17T02:22:00Z,2009-03-17T02:22:00Z
319086,2009-03-17T02:22:11Z,2009-03-17T02:22:11Z
319087,2009-03-17T02:22:30Z,2009-03-17T02:22:31Z
319088,2009-03-17T02:22:44Z,2009-03-17T02:22:45Z
319090,2009-03-17T02:23:12Z,2009-03-17T02:23:13Z
319092,2009-03-17T02:23:49Z,2009-03-17T02:23:49Z
319093,2009-03-17T02:23:59Z,2009-03-17T02:24:00Z
319095,2009-03-17T02:24:36Z,2009-03-17T02:24:37Z
319100,2009-03-17T02:26:11Z,2009-03-17T02:26:13Z
319101,2009-03-17T02:26:28Z,2009-03-17T02:26:28Z
319102,2009-03-17T02:26:45Z,2009-03-17T02:26:46Z
319103,2009-03-17T02:26:59Z,2009-03-17T02:27:00Z
319104,2009-03-17T02:27:10Z,2009-03-17T02:27:11Z
319105,2009-03-17T02:27:20Z,2009-03-17T02:27:21Z
319106,2009-03-17T02:27:39Z,2009-03-17T02:27:39Z
319107,2009-03-17T02:27:58Z,2009-03-17T02:27:58Z
319108,2009-03-17T02:28:10Z,2009-03-17T02:28:11Z
319109,2009-03-17T02:28:22Z,2009-03-17T02:28:23Z
319111,2009-03-17T02:28:58Z,2009-03-17T02:28:59Z
319112,2009-03-17T02:29:08Z,2009-03-17T02:29:09Z
319113,2009-03-17T02:29:26Z,2009-03-17T02:29:27Z
319114,2009-03-17T02:29:39Z,2009-03-17T02:29:40Z
319115,2009-03-17T02:29:51Z,2009-03-17T02:29:52Z
319116,2009-03-17T02:30:02Z,2009-03-17T02:30:03Z
319117,2009-03-17T02:30:43Z,2009-03-17T02:30:44Z
319118,2009-03-17T02:30:54Z,2009-03-17T02:30:55Z
319119,2009-03-17T02:31:15Z,2009-03-17T02:31:15Z
319120,2009-03-17T02:31:51Z,2009-03-17T02:31:52Z
319121,2009-03-17T02:32:09Z,2009-03-17T02:32:10Z
319122,2009-03-17T02:32:35Z,2009-03-17T02:32:36Z
319123,2009-03-17T02:32:59Z,2009-03-17T02:33:01Z
319124,2009-03-17T02:33:21Z,2009-03-17T02:33:22Z
319125,2009-03-17T02:33:34Z,2009-03-17T02:33:35Z
319126,2009-03-17T02:34:05Z,2009-03-17T02:34:06Z
319127,2009-03-17T02:34:32Z,2009-03-17T02:34:32Z
319128,2009-03-17T02:34:41Z,2009-03-17T02:34:42Z
319129,2009-03-17T02:34:55Z,2009-03-17T02:34:56Z
319132,2009-03-17T02:35:55Z,2009-03-17T02:35:56Z
319133,2009-03-17T02:36:24Z,2009-03-17T02:36:24Z
319134,2009-03-17T02:36:39Z,2009-03-17T02:36:40Z
319135,2009-03-17T02:37:00Z,2009-03-17T02:37:00Z
319137,2009-03-17T02:37:33Z,2009-03-17T02:37:34Z
319138,2009-03-17T02:37:49Z,2009-03-17T02:37:50Z
319140,2009-03-17T02:38:16Z,2009-03-17T02:38:16Z
319141,2009-03-17T02:38:30Z,2009-03-17T02:38:31Z
319142,2009-03-17T02:38:48Z,2009-03-17T02:38:48Z
319143,2009-03-17T02:39:18Z,2009-03-17T02:39:19Z
319145,2009-03-17T02:39:54Z,2009-03-17T02:39:54Z
319146,2009-03-17T02:40:06Z,2009-03-17T02:40:06Z
319147,2009-03-17T02:40:18Z,2009-03-17T02:40:18Z
319148,2009-03-17T02:40:46Z,2009-03-17T02:40:48Z
319149,2009-03-17T02:41:02Z,2009-03-17T02:41:02Z
319150,2009-03-17T02:41:28Z,2009-03-17T02:41:29Z
319151,2009-03-17T02:41:43Z,2009-03-17T02:41:44Z
319152,2009-03-17T02:42:10Z,2009-03-17T02:42:11Z
319153,2009-03-17T02:42:27Z,2009-03-17T02:42:28Z
319154,2009-03-17T02:42:51Z,2009-03-17T02:42:52Z
319156,2009-03-17T02:43:28Z,2009-03-17T02:43:29Z
319157,2009-03-17T02:44:13Z,2009-03-17T02:44:14Z
319158,2009-03-17T02:44:27Z,2009-03-17T02:44:27Z
319159,2009-03-17T02:44:47Z,2009-03-17T02:44:48Z
319160,2009-03-17T02:45:08Z,2009-03-17T02:45:09Z
319161,2009-03-17T02:45:26Z,2009-03-17T02:45:27Z
319162,2009-03-17T02:45:52Z,2009-03-17T02:45:53Z
319163,2009-03-17T02:46:35Z,2009-03-17T02:46:35Z
319164,2009-03-17T02:46:53Z,2009-03-17T02:46:54Z
319166,2009-03-17T02:47:31Z,2009-03-17T02:47:32Z
319167,2009-03-17T02:47:50Z,2009-03-17T02:47:50Z
319169,2009-03-17T02:48:18Z,2009-03-17T02:48:19Z
319170,2009-03-17T02:48:48Z,2009-03-17T02:48:49Z
319172,2009-03-17T02:49:15Z,2009-03-17T02:49:16Z
319173,2009-03-17T02:49:46Z,2009-03-17T02:49:47Z
319174,2009-03-17T02:49:59Z,2009-03-17T02:50:00Z
319175,2009-03-17T02:50:31Z,2009-03-17T02:50:31Z
319177,2009-03-17T02:50:57Z,2009-03-17T02:50:57Z
319178,2009-03-17T02:51:11Z,2009-03-17T02:51:11Z
319179,2009-03-17T02:51:25Z,2009-03-17T02:51:25Z
319180,2009-03-17T02:51:39Z,2009-03-17T02:51:40Z
319181,2009-03-17T02:51:54Z,2009-03-17T02:51:55Z
319182,2009-03-17T02:52:08Z,2009-03-17T02:52:08Z
319185,2009-03-17T02:53:00Z,2009-03-17T02:53:00Z
319187,2009-03-17T02:53:25Z,2009-03-17T02:53:26Z
319188,2009-03-17T02:53:43Z,2009-03-17T02:53:44Z
319189,2009-03-17T02:53:58Z,2009-03-17T02:53:58Z
319190,2009-03-17T02:54:43Z,2009-03-17T02:54:43Z
319191,2009-03-17T02:54:59Z,2009-03-17T02:55:00Z
319192,2009-03-17T02:55:12Z,2009-03-17T02:55:13Z
319193,2009-03-17T02:55:40Z,2009-03-17T02:55:40Z
319194,2009-03-17T02:56:13Z,2009-03-17T02:56:14Z
319195,2009-03-17T02:56:41Z,2009-03-17T02:56:42Z
319196,2009-03-17T02:56:57Z,2009-03-17T02:56:58Z
319197,2009-03-17T02:57:14Z,2009-03-17T02:57:15Z
319198,2009-03-17T02:57:41Z,2009-03-17T02:57:42Z
319199,2009-03-17T02:58:13Z,2009-03-17T02:58:13Z
319200,2009-03-17T02:58:44Z,2009-03-17T02:58:45Z
319201,2009-03-17T02:58:57Z,2009-03-17T02:58:58Z
319202,2009-03-17T02:59:16Z,2009-03-17T02:59:17Z
319203,2009-03-17T03:00:21Z,2009-03-17T03:00:22Z
319204,2009-03-17T03:00:38Z,2009-03-17T03:00:39Z
319207,2009-03-17T03:01:22Z,2009-03-17T03:01:23Z
319208,2009-03-17T03:01:43Z,2009-03-17T03:01:43Z
319209,2009-03-17T03:02:01Z,2009-03-17T03:02:02Z
319210,2009-03-17T03:02:15Z,2009-03-17T03:02:15Z
319211,2009-03-17T03:02:30Z,2009-03-17T03:02:31Z
319212,2009-03-17T03:03:01Z,2009-03-17T03:03:01Z
319214,2009-03-17T03:03:33Z,2009-03-17T03:03:34Z
319215,2009-03-17T03:04:07Z,2009-03-17T03:04:08Z
319216,2009-03-17T03:04:18Z,2009-03-17T03:04:19Z
319218,2009-03-17T03:04:53Z,2009-03-17T03:04:54Z
319219,2009-03-17T03:05:23Z,2009-03-17T03:05:24Z
319220,2009-03-17T03:05:41Z,2009-03-17T03:05:42Z
319221,2009-03-17T03:05:57Z,2009-03-17T03:05:58Z
319222,2009-03-17T03:06:10Z,2009-03-17T03:06:11Z
319223,2009-03-17T03:06:27Z,2009-03-17T03:06:28Z
319224,2009-03-17T03:06:39Z,2009-03-17T03:06:40Z
319225,2009-03-17T03:07:12Z,2009-03-17T03:07:13Z
319226,2009-03-17T03:07:22Z,2009-03-17T03:07:23Z
319227,2009-03-17T03:07:42Z,2009-03-17T03:07:43Z
319228,2009-03-17T03:07:59Z,2009-03-17T03:07:59Z
319229,2009-03-17T03:08:19Z,2009-03-17T03:08:19Z
319230,2009-03-17T03:08:38Z,2009-03-17T03:08:39Z
319231,2009-03-17T03:08:58Z,2009-03-17T03:08:58Z
319233,2009-03-17T03:09:46Z,2009-03-17T03:09:47Z
319234,2009-03-17T03:10:54Z,2009-03-17T03:10:55Z
319235,2009-03-17T03:11:18Z,2009-03-17T03:11:19Z
319237,2009-03-17T03:11:44Z,2009-03-17T03:11:44Z
319238,2009-03-17T03:11:57Z,2009-03-17T03:11:58Z
319239,2009-03-17T03:12:06Z,2009-03-17T03:12:06Z
319241,2009-03-17T03:12:52Z,2009-03-17T03:12:53Z
319242,2009-03-17T03:13:09Z,2009-03-17T03:13:10Z
319243,2009-03-17T03:13:24Z,2009-03-17T03:13:24Z
319244,2009-03-17T03:13:40Z,2009-03-17T03:13:41Z
319245,2009-03-17T03:13:51Z,2009-03-17T03:13:52Z
319246,2009-03-17T03:14:02Z,2009-03-17T03:14:03Z
319247,2009-03-17T03:14:17Z,2009-03-17T03:14:18Z
319248,2009-03-17T03:14:28Z,2009-03-17T03:14:28Z
319252,2009-03-17T03:15:20Z,2009-03-17T03:15:21Z
319253,2009-03-17T03:15:48Z,2009-03-17T03:15:49Z
319255,2009-03-17T03:16:32Z,2009-03-17T03:16:33Z
319256,2009-03-17T03:16:45Z,2009-03-17T03:16:45Z
319257,2009-03-17T03:17:01Z,2009-03-17T03:17:02Z
319258,2009-03-17T03:17:20Z,2009-03-17T03:17:20Z
319259,2009-03-17T03:17:35Z,2009-03-17T03:17:35Z
319260,2009-03-17T03:17:50Z,2009-03-17T03:17:51Z
319262,2009-03-17T03:18:27Z,2009-03-17T03:18:27Z
319263,2009-03-17T03:18:42Z,2009-03-17T03:18:42Z
319264,2009-03-17T03:19:21Z,2009-03-17T03:19:22Z
319266,2009-03-17T03:19:54Z,2009-03-17T03:19:55Z
319267,2009-03-17T03:20:09Z,2009-03-17T03:20:09Z
319268,2009-03-17T03:20:23Z,2009-03-17T03:20:23Z
319269,2009-03-17T03:20:34Z,2009-03-17T03:20:35Z
319270,2009-03-17T03:21:04Z,2009-03-17T03:21:05Z
319271,2009-03-17T03:21:22Z,2009-03-17T03:21:22Z
319273,2009-03-17T03:22:31Z,2009-03-17T03:22:32Z
319274,2009-03-17T03:22:52Z,2009-03-17T03:22:53Z
319275,2009-03-17T03:23:21Z,2009-03-17T03:23:22Z
319276,2009-03-17T03:23:34Z,2009-03-17T03:23:34Z
319277,2009-03-17T03:24:26Z,2009-03-17T03:24:26Z
319278,2009-03-17T03:24:42Z,2009-03-17T03:24:43Z
319279,2009-03-17T03:24:53Z,2009-03-17T03:24:54Z
319280,2009-03-17T03:25:29Z,2009-03-17T03:25:30Z
319281,2009-03-17T03:25:47Z,2009-03-17T03:25:48Z
319282,2009-03-17T03:25:58Z,2009-03-17T03:25:59Z
319284,2009-03-17T03:26:28Z,2009-03-17T03:26:29Z
319285,2009-03-17T03:26:39Z,2009-03-17T03:26:40Z
319287,2009-03-17T03:27:09Z,2009-03-17T03:27:09Z
319288,2009-03-17T03:27:19Z,2009-03-17T03:27:20Z
319289,2009-03-17T03:27:31Z,2009-03-17T03:27:32Z
319290,2009-03-17T03:27:41Z,2009-03-17T03:27:42Z
319291,2009-03-17T03:28:00Z,2009-03-17T03:28:00Z
319292,2009-03-17T03:28:13Z,2009-03-17T03:28:14Z
319293,2009-03-17T03:28:33Z,2009-03-17T03:28:34Z
319294,2009-03-17T03:28:49Z,2009-03-17T03:28:49Z
319295,2009-03-17T03:29:34Z,2009-03-17T03:29:34Z
319296,2009-03-17T03:29:49Z,2009-03-17T03:29:49Z
319297,2009-03-17T03:30:04Z,2009-03-17T03:30:05Z
315920,2009-02-16T00:01:23Z,2009-03-17T07:32:36Z
9447,2007-11-01T10:19:53Z,2009-03-17T14:17:47Z
12369,2008-02-28T18:54:08Z,2009-03-17T14:45:43Z
319821,2009-03-17T21:21:14Z,2009-03-17T21:21:14Z
320137,2009-03-18T02:04:20Z,2009-03-18T02:04:20Z
320233,2009-03-18T15:20:57Z,2009-03-18T15:22:00Z
320243,2009-03-18T23:42:35Z,2009-03-18T23:47:15Z
320349,2009-03-19T12:39:03Z,2009-03-19T12:40:05Z
320352,2009-03-19T16:25:06Z,2009-03-19T16:27:06Z
288173,2009-01-22T16:28:30Z,2009-03-19T22:05:03Z
25878,2008-10-27T18:48:59Z,2009-03-20T22:17:22Z
312069,2009-02-11T02:51:51Z,2009-03-21T06:32:00Z
320515,2009-03-22T04:45:54Z,2009-03-22T04:45:54Z
136818,2009-01-09T05:10:57Z,2009-03-22T19:50:59Z
25482,2008-10-08T08:24:33Z,2009-03-23T14:22:50Z
320546,2009-03-23T18:18:43Z,2009-03-23T18:21:22Z
3530,2006-11-07T13:02:12Z,2009-03-24T08:29:01Z
154404,2009-01-14T04:08:27Z,2009-03-24T10:16:03Z
16982,2008-09-29T16:30:33Z,2009-03-24T10:32:13Z
316899,2009-02-22T00:11:22Z,2009-03-24T11:11:09Z
320563,2009-03-24T19:32:54Z,2009-03-24T19:32:54Z
320564,2009-03-24T20:46:03Z,2009-03-24T21:11:10Z
320569,2009-03-25T02:19:31Z,2009-03-25T02:19:31Z
320587,2009-03-25T21:12:50Z,2009-03-25T21:12:50Z
320553,2009-03-24T06:53:47Z,2009-03-26T01:47:15Z
318919,2009-03-09T19:01:12Z,2009-03-26T09:02:20Z
320611,2009-03-27T12:39:41Z,2009-03-27T12:39:41Z
14273,2008-05-23T20:24:20Z,2009-03-27T13:24:03Z
14300,2008-05-24T12:04:28Z,2009-03-27T13:24:42Z
320617,2009-03-27T14:46:48Z,2009-03-27T14:46:48Z
320616,2009-03-27T14:25:15Z,2009-03-27T16:07:05Z
320634,2009-03-28T10:01:53Z,2009-03-28T10:05:25Z
320679,2009-03-30T18:08:03Z,2009-03-30T18:08:03Z
320693,2009-03-31T13:48:26Z,2009-03-31T13:48:26Z
320697,2009-03-31T18:33:50Z,2009-03-31T18:34:33Z
320699,2009-03-31T20:00:43Z,2009-03-31T20:00:43Z
320720,2009-04-01T22:36:54Z,2009-04-01T22:38:31Z
320726,2009-04-02T07:50:43Z,2009-04-02T07:50:43Z
320727,2009-04-02T09:00:12Z,2009-04-02T09:00:40Z
320731,2009-04-02T14:55:33Z,2009-04-02T14:55:33Z
321076,2009-04-03T08:02:40Z,2009-04-03T08:02:40Z
308844,2009-01-28T23:48:04Z,2009-04-03T17:42:53Z
321106,2009-04-05T12:10:12Z,2009-04-05T12:10:12Z
321117,2009-04-06T00:23:38Z,2009-04-06T00:23:38Z
315573,2009-02-13T01:38:42Z,2009-04-07T23:03:36Z
321149,2009-04-08T06:08:45Z,2009-04-08T06:09:21Z
321151,2009-04-08T07:59:32Z,2009-04-08T07:59:32Z
321156,2009-04-08T13:07:35Z,2009-04-08T13:09:31Z
87321,2008-12-20T21:21:13Z,2009-04-08T15:01:36Z
321166,2009-04-08T17:11:11Z,2009-04-08T17:11:11Z
322353,2009-04-09T03:56:02Z,2009-04-09T03:56:02Z
322361,2009-04-09T14:24:28Z,2009-04-09T14:27:13Z
138541,2009-01-10T04:58:39Z,2009-04-09T21:37:31Z
6494,2007-07-08T17:06:42Z,2009-04-10T20:38:10Z
322968,2009-04-11T06:18:44Z,2009-04-11T06:18:44Z
322974,2009-04-11T06:24:26Z,2009-04-11T06:24:26Z
323098,2009-04-11T08:48:21Z,2009-04-11T08:51:48Z
323272,2009-04-11T11:52:32Z,2009-04-11T11:52:32Z
2005,2006-10-12T05:04:44Z,2009-04-11T16:36:00Z
323586,2009-04-11T18:47:47Z,2009-04-11T18:47:48Z
323790,2009-04-12T01:34:17Z,2009-04-12T01:34:18Z
323825,2009-04-12T02:27:21Z,2009-04-12T02:27:22Z
323848,2009-04-12T02:57:42Z,2009-04-12T03:50:51Z
324037,2009-04-12T05:58:38Z,2009-04-12T05:58:38Z
324121,2009-04-12T08:49:38Z,2009-04-12T08:49:39Z
324181,2009-04-12T10:00:43Z,2009-04-12T10:00:44Z
324186,2009-04-12T10:06:09Z,2009-04-12T10:06:09Z
324270,2009-04-12T11:34:17Z,2009-04-12T11:34:46Z
2486,2006-10-12T07:02:50Z,2009-04-12T15:19:54Z
2848,2006-10-12T08:57:57Z,2009-04-13T04:09:44Z
324866,2009-04-13T05:53:24Z,2009-04-13T05:53:24Z
324892,2009-04-13T06:32:19Z,2009-04-13T06:32:19Z
324970,2009-04-14T01:19:55Z,2009-04-14T01:23:44Z
6120,2007-06-18T22:31:18Z,2009-04-15T03:44:33Z
325465,2009-04-15T05:40:52Z,2009-04-15T05:40:52Z
325468,2009-04-15T07:12:51Z,2009-04-15T07:12:51Z
9131,2007-10-14T04:34:34Z,2009-04-15T09:05:00Z
325675,2009-04-15T22:40:29Z,2009-04-15T22:40:31Z
325676,2009-04-15T22:40:46Z,2009-04-15T22:40:47Z
325677,2009-04-15T22:41:11Z,2009-04-15T22:41:12Z
325680,2009-04-15T22:42:28Z,2009-04-15T22:42:29Z
325685,2009-04-15T22:43:48Z,2009-04-15T22:43:48Z
325686,2009-04-15T22:44:07Z,2009-04-15T22:44:08Z
325687,2009-04-15T22:44:28Z,2009-04-15T22:44:29Z
325688,2009-04-15T22:44:48Z,2009-04-15T22:44:48Z
325689,2009-04-15T22:45:44Z,2009-04-15T22:45:45Z
325690,2009-04-15T22:46:12Z,2009-04-15T22:46:12Z
325692,2009-04-15T22:46:44Z,2009-04-15T22:46:45Z
325696,2009-04-15T22:48:36Z,2009-04-15T22:48:37Z
325697,2009-04-15T22:48:59Z,2009-04-15T22:48:59Z
325698,2009-04-15T22:49:15Z,2009-04-15T22:49:16Z
325699,2009-04-15T22:50:09Z,2009-04-15T22:50:09Z
325700,2009-04-15T22:50:29Z,2009-04-15T22:50:29Z
325702,2009-04-15T22:51:11Z,2009-04-15T22:51:12Z
325703,2009-04-15T22:51:42Z,2009-04-15T22:51:43Z
325704,2009-04-15T22:52:22Z,2009-04-15T22:52:23Z
325705,2009-04-15T22:52:54Z,2009-04-15T22:52:55Z
325706,2009-04-15T22:53:03Z,2009-04-15T22:53:04Z
325707,2009-04-15T22:53:19Z,2009-04-15T22:53:19Z
325708,2009-04-15T22:53:28Z,2009-04-15T22:53:29Z
325710,2009-04-15T22:54:15Z,2009-04-15T22:54:15Z
325711,2009-04-15T22:54:29Z,2009-04-15T22:54:30Z
325712,2009-04-15T22:54:58Z,2009-04-15T22:54:59Z
325713,2009-04-15T22:55:29Z,2009-04-15T22:55:29Z
325714,2009-04-15T22:55:50Z,2009-04-15T22:55:51Z
325716,2009-04-15T22:56:35Z,2009-04-15T22:56:36Z
325717,2009-04-15T22:56:59Z,2009-04-15T22:56:59Z
325718,2009-04-15T22:57:13Z,2009-04-15T22:57:13Z
325719,2009-04-15T22:57:27Z,2009-04-15T22:57:28Z
325720,2009-04-15T22:57:52Z,2009-04-15T22:57:53Z
325721,2009-04-15T22:58:42Z,2009-04-15T22:58:43Z
325722,2009-04-15T22:59:24Z,2009-04-15T22:59:24Z
325723,2009-04-15T22:59:59Z,2009-04-15T23:00:00Z
325724,2009-04-15T23:00:08Z,2009-04-15T23:00:09Z
325725,2009-04-15T23:00:29Z,2009-04-15T23:00:30Z
325727,2009-04-15T23:01:16Z,2009-04-15T23:01:17Z
325728,2009-04-15T23:01:58Z,2009-04-15T23:01:58Z
325729,2009-04-15T23:02:49Z,2009-04-15T23:02:49Z
325730,2009-04-15T23:03:00Z,2009-04-15T23:03:00Z
325732,2009-04-15T23:03:26Z,2009-04-15T23:03:26Z
325733,2009-04-15T23:03:43Z,2009-04-15T23:03:44Z
325735,2009-04-15T23:04:42Z,2009-04-15T23:04:42Z
325736,2009-04-15T23:05:03Z,2009-04-15T23:05:04Z
325737,2009-04-15T23:05:25Z,2009-04-15T23:05:27Z
325738,2009-04-15T23:06:28Z,2009-04-15T23:06:28Z
325739,2009-04-15T23:06:58Z,2009-04-15T23:06:58Z
325740,2009-04-15T23:07:10Z,2009-04-15T23:07:11Z
325742,2009-04-15T23:08:45Z,2009-04-15T23:08:46Z
325743,2009-04-15T23:09:28Z,2009-04-15T23:09:29Z
325744,2009-04-15T23:09:41Z,2009-04-15T23:09:41Z
325745,2009-04-15T23:09:54Z,2009-04-15T23:09:55Z
325746,2009-04-15T23:10:13Z,2009-04-15T23:10:14Z
325748,2009-04-15T23:10:42Z,2009-04-15T23:10:43Z
325751,2009-04-15T23:11:20Z,2009-04-15T23:11:20Z
325752,2009-04-15T23:11:42Z,2009-04-15T23:11:43Z
325753,2009-04-15T23:12:06Z,2009-04-15T23:12:08Z
325755,2009-04-15T23:12:59Z,2009-04-15T23:13:00Z
325756,2009-04-15T23:13:13Z,2009-04-15T23:13:13Z
325757,2009-04-15T23:13:34Z,2009-04-15T23:13:35Z
325758,2009-04-15T23:13:53Z,2009-04-15T23:13:54Z
325759,2009-04-15T23:14:06Z,2009-04-15T23:14:06Z
325760,2009-04-15T23:14:19Z,2009-04-15T23:14:19Z
325761,2009-04-15T23:14:27Z,2009-04-15T23:14:28Z
325762,2009-04-15T23:14:39Z,2009-04-15T23:14:40Z
325763,2009-04-15T23:15:24Z,2009-04-15T23:15:25Z
325764,2009-04-15T23:15:45Z,2009-04-15T23:15:46Z
325766,2009-04-15T23:16:36Z,2009-04-15T23:16:36Z
325767,2009-04-15T23:16:52Z,2009-04-15T23:16:53Z
325769,2009-04-15T23:17:24Z,2009-04-15T23:17:24Z
325770,2009-04-15T23:17:39Z,2009-04-15T23:17:40Z
325771,2009-04-15T23:17:51Z,2009-04-15T23:17:52Z
325772,2009-04-15T23:40:29Z,2009-04-15T23:40:30Z
325773,2009-04-15T23:41:15Z,2009-04-15T23:41:16Z
325774,2009-04-15T23:41:27Z,2009-04-15T23:41:27Z
325775,2009-04-15T23:41:36Z,2009-04-15T23:41:37Z
325777,2009-04-15T23:42:04Z,2009-04-15T23:42:05Z
325781,2009-04-15T23:45:07Z,2009-04-15T23:45:08Z
325782,2009-04-15T23:46:04Z,2009-04-15T23:46:05Z
325783,2009-04-15T23:46:18Z,2009-04-15T23:46:19Z
325785,2009-04-15T23:47:05Z,2009-04-15T23:47:06Z
325787,2009-04-15T23:48:25Z,2009-04-15T23:48:26Z
325788,2009-04-15T23:48:53Z,2009-04-15T23:48:54Z
325789,2009-04-15T23:49:11Z,2009-04-15T23:49:12Z
325790,2009-04-15T23:49:21Z,2009-04-15T23:49:21Z
325791,2009-04-15T23:49:38Z,2009-04-15T23:49:38Z
325792,2009-04-15T23:50:28Z,2009-04-15T23:50:29Z
325793,2009-04-15T23:50:47Z,2009-04-15T23:50:47Z
325795,2009-04-15T23:51:48Z,2009-04-15T23:51:49Z
325797,2009-04-15T23:52:39Z,2009-04-15T23:52:39Z
325799,2009-04-15T23:53:36Z,2009-04-15T23:53:36Z
325800,2009-04-15T23:54:02Z,2009-04-15T23:54:03Z
325801,2009-04-15T23:55:03Z,2009-04-15T23:55:04Z
325802,2009-04-15T23:55:26Z,2009-04-15T23:55:27Z
325803,2009-04-15T23:55:56Z,2009-04-15T23:55:56Z
325804,2009-04-15T23:56:30Z,2009-04-15T23:56:31Z
325805,2009-04-15T23:57:08Z,2009-04-15T23:57:09Z
325806,2009-04-15T23:57:19Z,2009-04-15T23:57:20Z
325808,2009-04-15T23:58:40Z,2009-04-15T23:58:40Z
325809,2009-04-15T23:59:56Z,2009-04-15T23:59:57Z
325811,2009-04-16T00:00:21Z,2009-04-16T00:00:22Z
325812,2009-04-16T00:00:36Z,2009-04-16T00:00:37Z
325813,2009-04-16T00:00:50Z,2009-04-16T00:00:51Z
325814,2009-04-16T00:01:06Z,2009-04-16T00:01:06Z
325816,2009-04-16T00:02:26Z,2009-04-16T00:02:27Z
325818,2009-04-16T00:03:14Z,2009-04-16T00:03:14Z
325820,2009-04-16T00:03:42Z,2009-04-16T00:03:42Z
325821,2009-04-16T00:03:58Z,2009-04-16T00:03:59Z
325822,2009-04-16T00:04:09Z,2009-04-16T00:04:09Z
325823,2009-04-16T00:04:22Z,2009-04-16T00:04:23Z
325824,2009-04-16T00:04:33Z,2009-04-16T00:04:34Z
325825,2009-04-16T00:04:48Z,2009-04-16T00:04:49Z
325826,2009-04-16T00:05:12Z,2009-04-16T00:05:12Z
325827,2009-04-16T00:06:03Z,2009-04-16T00:06:03Z
325829,2009-04-16T00:07:02Z,2009-04-16T00:07:03Z
325830,2009-04-16T00:07:13Z,2009-04-16T00:07:14Z
325831,2009-04-16T00:07:30Z,2009-04-16T00:07:31Z
325832,2009-04-16T00:07:46Z,2009-04-16T00:07:46Z
325833,2009-04-16T00:08:09Z,2009-04-16T00:08:10Z
325834,2009-04-16T00:08:30Z,2009-04-16T00:08:31Z
325835,2009-04-16T00:08:50Z,2009-04-16T00:08:51Z
325836,2009-04-16T00:09:10Z,2009-04-16T00:09:10Z
325837,2009-04-16T00:09:56Z,2009-04-16T00:09:57Z
325838,2009-04-16T00:10:17Z,2009-04-16T00:10:17Z
325839,2009-04-16T00:10:34Z,2009-04-16T00:10:35Z
325840,2009-04-16T00:10:48Z,2009-04-16T00:10:48Z
325841,2009-04-16T00:10:59Z,2009-04-16T00:11:00Z
325842,2009-04-16T00:11:11Z,2009-04-16T00:11:11Z
325843,2009-04-16T00:11:35Z,2009-04-16T00:11:35Z
325845,2009-04-16T00:12:32Z,2009-04-16T00:12:32Z
325846,2009-04-16T00:13:31Z,2009-04-16T00:13:32Z
325847,2009-04-16T00:13:45Z,2009-04-16T00:13:45Z
325848,2009-04-16T00:14:19Z,2009-04-16T00:14:20Z
325851,2009-04-16T00:15:11Z,2009-04-16T00:15:12Z
325852,2009-04-16T00:15:29Z,2009-04-16T00:15:30Z
325853,2009-04-16T00:16:57Z,2009-04-16T00:16:58Z
325855,2009-04-16T00:17:42Z,2009-04-16T00:17:43Z
325856,2009-04-16T00:17:52Z,2009-04-16T00:17:53Z
325857,2009-04-16T00:18:10Z,2009-04-16T00:18:10Z
325858,2009-04-16T00:18:27Z,2009-04-16T00:18:28Z
325859,2009-04-16T00:18:38Z,2009-04-16T00:18:38Z
325860,2009-04-16T00:19:01Z,2009-04-16T00:19:01Z
325861,2009-04-16T00:19:34Z,2009-04-16T00:19:34Z
325862,2009-04-16T00:19:59Z,2009-04-16T00:19:59Z
325863,2009-04-16T00:20:14Z,2009-04-16T00:20:15Z
325864,2009-04-16T00:20:35Z,2009-04-16T00:20:36Z
325865,2009-04-16T00:20:49Z,2009-04-16T00:20:50Z
325866,2009-04-16T00:21:17Z,2009-04-16T00:21:18Z
325868,2009-04-16T00:21:45Z,2009-04-16T00:21:46Z
325869,2009-04-16T00:21:59Z,2009-04-16T00:22:00Z
325870,2009-04-16T00:22:17Z,2009-04-16T00:22:17Z
325871,2009-04-16T00:22:30Z,2009-04-16T00:22:31Z
325873,2009-04-16T00:22:55Z,2009-04-16T00:22:56Z
325874,2009-04-16T00:23:13Z,2009-04-16T00:23:13Z
325875,2009-04-16T00:23:27Z,2009-04-16T00:23:28Z
325876,2009-04-16T00:23:44Z,2009-04-16T00:23:45Z
325877,2009-04-16T00:23:58Z,2009-04-16T00:23:59Z
325878,2009-04-16T00:24:18Z,2009-04-16T00:24:19Z
325879,2009-04-16T00:24:35Z,2009-04-16T00:24:36Z
325880,2009-04-16T00:25:14Z,2009-04-16T00:25:15Z
325881,2009-04-16T00:26:14Z,2009-04-16T00:26:15Z
325882,2009-04-16T00:26:46Z,2009-04-16T00:26:47Z
325883,2009-04-16T00:27:14Z,2009-04-16T00:27:15Z
325884,2009-04-16T00:27:29Z,2009-04-16T00:27:29Z
325885,2009-04-16T00:27:44Z,2009-04-16T00:27:44Z
325886,2009-04-16T00:27:54Z,2009-04-16T00:27:54Z
325887,2009-04-16T00:28:19Z,2009-04-16T00:28:19Z
325888,2009-04-16T00:28:45Z,2009-04-16T00:28:46Z
325889,2009-04-16T00:29:03Z,2009-04-16T00:29:03Z
325890,2009-04-16T00:29:41Z,2009-04-16T00:29:41Z
325891,2009-04-16T00:29:52Z,2009-04-16T00:29:53Z
325892,2009-04-16T00:30:14Z,2009-04-16T00:30:15Z
325893,2009-04-16T00:30:29Z,2009-04-16T00:30:29Z
325894,2009-04-16T00:30:41Z,2009-04-16T00:30:42Z
325895,2009-04-16T00:31:18Z,2009-04-16T00:31:19Z
325898,2009-04-16T00:32:08Z,2009-04-16T00:32:09Z
325899,2009-04-16T00:32:32Z,2009-04-16T00:32:33Z
325900,2009-04-16T00:32:57Z,2009-04-16T00:32:58Z
325902,2009-04-16T00:34:04Z,2009-04-16T00:34:05Z
325903,2009-04-16T00:34:34Z,2009-04-16T00:34:35Z
325905,2009-04-16T00:35:01Z,2009-04-16T00:35:02Z
325906,2009-04-16T00:35:44Z,2009-04-16T00:35:45Z
325907,2009-04-16T00:36:30Z,2009-04-16T00:36:31Z
325908,2009-04-16T00:36:52Z,2009-04-16T00:36:52Z
325909,2009-04-16T00:37:08Z,2009-04-16T00:37:08Z
325910,2009-04-16T00:37:43Z,2009-04-16T00:37:44Z
325911,2009-04-16T00:37:55Z,2009-04-16T00:37:56Z
325912,2009-04-16T00:38:13Z,2009-04-16T00:38:13Z
325914,2009-04-16T00:38:49Z,2009-04-16T00:38:50Z
325915,2009-04-16T00:39:19Z,2009-04-16T00:39:20Z
325916,2009-04-16T00:39:41Z,2009-04-16T00:39:42Z
325917,2009-04-16T00:40:03Z,2009-04-16T00:40:04Z
325918,2009-04-16T00:40:22Z,2009-04-16T00:40:23Z
325919,2009-04-16T00:40:49Z,2009-04-16T00:40:49Z
325921,2009-04-16T00:41:29Z,2009-04-16T00:41:29Z
325922,2009-04-16T00:41:43Z,2009-04-16T00:41:43Z
325923,2009-04-16T00:42:00Z,2009-04-16T00:42:01Z
325924,2009-04-16T00:42:16Z,2009-04-16T00:42:17Z
325925,2009-04-16T00:42:36Z,2009-04-16T00:42:37Z
325926,2009-04-16T00:43:04Z,2009-04-16T00:43:04Z
325927,2009-04-16T00:43:25Z,2009-04-16T00:43:25Z
325928,2009-04-16T00:43:39Z,2009-04-16T00:43:40Z
325929,2009-04-16T00:44:25Z,2009-04-16T00:44:26Z
325930,2009-04-16T00:45:27Z,2009-04-16T00:45:28Z
325931,2009-04-16T00:45:45Z,2009-04-16T00:45:45Z
325933,2009-04-16T00:46:44Z,2009-04-16T00:46:45Z
325934,2009-04-16T00:47:07Z,2009-04-16T00:47:08Z
325935,2009-04-16T00:47:35Z,2009-04-16T00:47:35Z
325936,2009-04-16T00:48:27Z,2009-04-16T00:48:28Z
325937,2009-04-16T00:48:46Z,2009-04-16T00:48:47Z
325938,2009-04-16T00:48:58Z,2009-04-16T00:48:59Z
325939,2009-04-16T00:49:24Z,2009-04-16T00:49:25Z
325940,2009-04-16T00:49:50Z,2009-04-16T00:49:51Z
325941,2009-04-16T00:50:21Z,2009-04-16T00:50:22Z
325942,2009-04-16T00:50:47Z,2009-04-16T00:50:47Z
325943,2009-04-16T00:51:01Z,2009-04-16T00:51:02Z
325944,2009-04-16T00:51:32Z,2009-04-16T00:51:33Z
325945,2009-04-16T00:51:51Z,2009-04-16T00:51:52Z
325946,2009-04-16T00:52:01Z,2009-04-16T00:52:02Z
325947,2009-04-16T00:52:13Z,2009-04-16T00:52:14Z
325948,2009-04-16T00:52:25Z,2009-04-16T00:52:26Z
325949,2009-04-16T00:52:35Z,2009-04-16T00:52:36Z
325950,2009-04-16T00:52:50Z,2009-04-16T00:52:50Z
325951,2009-04-16T00:53:04Z,2009-04-16T00:53:04Z
325952,2009-04-16T00:53:22Z,2009-04-16T00:53:23Z
325954,2009-04-16T00:54:04Z,2009-04-16T00:54:05Z
325955,2009-04-16T00:54:47Z,2009-04-16T00:54:48Z
325956,2009-04-16T00:55:11Z,2009-04-16T00:55:12Z
325957,2009-04-16T00:55:33Z,2009-04-16T00:55:33Z
325958,2009-04-16T00:55:48Z,2009-04-16T00:55:48Z
325959,2009-04-16T00:56:08Z,2009-04-16T00:56:09Z
325960,2009-04-16T00:57:35Z,2009-04-16T00:57:35Z
325961,2009-04-16T00:57:59Z,2009-04-16T00:58:00Z
325962,2009-04-16T00:58:28Z,2009-04-16T00:58:29Z
325963,2009-04-16T00:58:53Z,2009-04-16T00:58:53Z
325964,2009-04-16T00:59:14Z,2009-04-16T00:59:15Z
325965,2009-04-16T00:59:29Z,2009-04-16T00:59:30Z
325966,2009-04-16T01:00:04Z,2009-04-16T01:00:05Z
325967,2009-04-16T01:00:19Z,2009-04-16T01:00:20Z
325968,2009-04-16T01:00:29Z,2009-04-16T01:00:29Z
325969,2009-04-16T01:00:40Z,2009-04-16T01:00:41Z
325970,2009-04-16T01:01:05Z,2009-04-16T01:01:05Z
325971,2009-04-16T01:01:31Z,2009-04-16T01:01:32Z
325972,2009-04-16T01:01:59Z,2009-04-16T01:02:00Z
325973,2009-04-16T01:02:41Z,2009-04-16T01:02:42Z
325975,2009-04-16T01:03:29Z,2009-04-16T01:03:30Z
325977,2009-04-16T01:04:56Z,2009-04-16T01:04:57Z
325978,2009-04-16T01:05:05Z,2009-04-16T01:05:06Z
325979,2009-04-16T01:05:43Z,2009-04-16T01:05:44Z
325980,2009-04-16T01:05:59Z,2009-04-16T01:06:00Z
325981,2009-04-16T01:06:20Z,2009-04-16T01:06:21Z
325982,2009-04-16T01:06:41Z,2009-04-16T01:06:41Z
325983,2009-04-16T01:07:04Z,2009-04-16T01:07:05Z
325984,2009-04-16T01:07:22Z,2009-04-16T01:07:22Z
325985,2009-04-16T01:07:39Z,2009-04-16T01:07:39Z
325987,2009-04-16T01:08:21Z,2009-04-16T01:08:21Z
325988,2009-04-16T01:08:32Z,2009-04-16T01:08:32Z
325989,2009-04-16T01:09:12Z,2009-04-16T01:09:13Z
325990,2009-04-16T01:09:30Z,2009-04-16T01:09:31Z
325991,2009-04-16T01:09:40Z,2009-04-16T01:09:40Z
325992,2009-04-16T01:09:53Z,2009-04-16T01:09:53Z
325993,2009-04-16T01:10:03Z,2009-04-16T01:10:04Z
325994,2009-04-16T01:10:16Z,2009-04-16T01:10:16Z
325995,2009-04-16T01:10:41Z,2009-04-16T01:10:42Z
325996,2009-04-16T01:11:18Z,2009-04-16T01:11:19Z
325997,2009-04-16T01:11:31Z,2009-04-16T01:11:31Z
325998,2009-04-16T01:11:40Z,2009-04-16T01:11:41Z
325999,2009-04-16T01:12:14Z,2009-04-16T01:12:15Z
326000,2009-04-16T01:12:31Z,2009-04-16T01:12:32Z
326001,2009-04-16T01:12:49Z,2009-04-16T01:12:49Z
326002,2009-04-16T01:13:03Z,2009-04-16T01:13:03Z
326003,2009-04-16T01:13:14Z,2009-04-16T01:13:15Z
326004,2009-04-16T01:13:23Z,2009-04-16T01:13:24Z
326005,2009-04-16T01:13:39Z,2009-04-16T01:13:40Z
326006,2009-04-16T01:13:50Z,2009-04-16T01:13:51Z
326007,2009-04-16T01:14:02Z,2009-04-16T01:14:02Z
326008,2009-04-16T01:14:10Z,2009-04-16T01:14:11Z
326009,2009-04-16T01:14:36Z,2009-04-16T01:14:36Z
326010,2009-04-16T01:14:49Z,2009-04-16T01:14:49Z
326011,2009-04-16T01:15:11Z,2009-04-16T01:15:11Z
326012,2009-04-16T01:15:19Z,2009-04-16T01:15:20Z
326013,2009-04-16T01:15:28Z,2009-04-16T01:15:29Z
326015,2009-04-16T01:15:55Z,2009-04-16T01:15:56Z
326017,2009-04-16T01:16:49Z,2009-04-16T01:16:50Z
326018,2009-04-16T01:17:04Z,2009-04-16T01:17:05Z
326019,2009-04-16T01:17:41Z,2009-04-16T01:17:43Z
326020,2009-04-16T01:17:55Z,2009-04-16T01:17:55Z
326021,2009-04-16T01:18:08Z,2009-04-16T01:18:09Z
326023,2009-04-16T01:18:43Z,2009-04-16T01:18:43Z
326024,2009-04-16T01:19:23Z,2009-04-16T01:19:24Z
326025,2009-04-16T01:19:40Z,2009-04-16T01:19:40Z
326026,2009-04-16T01:19:50Z,2009-04-16T01:19:51Z
326027,2009-04-16T01:20:01Z,2009-04-16T01:20:03Z
326028,2009-04-16T01:20:19Z,2009-04-16T01:20:20Z
326029,2009-04-16T01:20:43Z,2009-04-16T01:20:44Z
326030,2009-04-16T01:20:52Z,2009-04-16T01:20:53Z
326031,2009-04-16T01:21:05Z,2009-04-16T01:21:05Z
326032,2009-04-16T01:21:22Z,2009-04-16T01:21:23Z
326033,2009-04-16T01:21:39Z,2009-04-16T01:21:40Z
326034,2009-04-16T01:21:51Z,2009-04-16T01:21:51Z
326035,2009-04-16T01:22:09Z,2009-04-16T01:22:10Z
326036,2009-04-16T01:22:19Z,2009-04-16T01:22:19Z
326037,2009-04-16T01:22:30Z,2009-04-16T01:22:31Z
326038,2009-04-16T01:22:40Z,2009-04-16T01:22:40Z
326039,2009-04-16T01:23:20Z,2009-04-16T01:23:20Z
326040,2009-04-16T01:24:09Z,2009-04-16T01:24:10Z
326041,2009-04-16T01:24:18Z,2009-04-16T01:24:19Z
326042,2009-04-16T01:24:26Z,2009-04-16T01:24:27Z
326043,2009-04-16T01:24:46Z,2009-04-16T01:24:46Z
326044,2009-04-16T01:24:58Z,2009-04-16T01:24:59Z
326045,2009-04-16T01:25:09Z,2009-04-16T01:25:10Z
326046,2009-04-16T01:25:27Z,2009-04-16T01:25:28Z
326047,2009-04-16T01:26:02Z,2009-04-16T01:26:03Z
326048,2009-04-16T01:26:43Z,2009-04-16T01:26:45Z
326049,2009-04-16T01:26:59Z,2009-04-16T01:27:00Z
326050,2009-04-16T01:27:38Z,2009-04-16T01:27:38Z
326051,2009-04-16T01:28:01Z,2009-04-16T01:28:02Z
326052,2009-04-16T01:28:22Z,2009-04-16T01:28:22Z
326053,2009-04-16T01:28:33Z,2009-04-16T01:28:34Z
326054,2009-04-16T01:28:43Z,2009-04-16T01:28:44Z
326055,2009-04-16T01:28:58Z,2009-04-16T01:28:59Z
326056,2009-04-16T01:29:12Z,2009-04-16T01:29:12Z
326057,2009-04-16T01:29:29Z,2009-04-16T01:29:30Z
326058,2009-04-16T01:29:54Z,2009-04-16T01:29:54Z
326059,2009-04-16T01:30:08Z,2009-04-16T01:30:09Z
326060,2009-04-16T01:30:20Z,2009-04-16T01:30:21Z
326061,2009-04-16T01:30:35Z,2009-04-16T01:30:36Z
326062,2009-04-16T01:30:49Z,2009-04-16T01:30:49Z
326063,2009-04-16T01:31:22Z,2009-04-16T01:31:23Z
326064,2009-04-16T01:31:53Z,2009-04-16T01:31:53Z
326065,2009-04-16T01:32:11Z,2009-04-16T01:32:11Z
326066,2009-04-16T01:32:48Z,2009-04-16T01:32:49Z
326067,2009-04-16T01:33:00Z,2009-04-16T01:33:01Z
326068,2009-04-16T01:33:13Z,2009-04-16T01:33:13Z
326069,2009-04-16T01:33:21Z,2009-04-16T01:33:22Z
326071,2009-04-16T01:33:47Z,2009-04-16T01:33:48Z
326073,2009-04-16T01:34:26Z,2009-04-16T01:34:27Z
326074,2009-04-16T01:34:43Z,2009-04-16T01:34:44Z
326075,2009-04-16T01:35:11Z,2009-04-16T01:35:12Z
326076,2009-04-16T01:35:22Z,2009-04-16T01:35:23Z
326077,2009-04-16T01:35:33Z,2009-04-16T01:35:33Z
326078,2009-04-16T01:35:49Z,2009-04-16T01:35:49Z
326079,2009-04-16T01:35:58Z,2009-04-16T01:35:58Z
326080,2009-04-16T01:36:15Z,2009-04-16T01:36:15Z
326081,2009-04-16T01:36:45Z,2009-04-16T01:36:46Z
326083,2009-04-16T01:37:23Z,2009-04-16T01:37:23Z
326084,2009-04-16T01:37:37Z,2009-04-16T01:37:37Z
326085,2009-04-16T01:37:54Z,2009-04-16T01:37:54Z
326086,2009-04-16T01:38:08Z,2009-04-16T01:38:09Z
326087,2009-04-16T01:38:20Z,2009-04-16T01:38:21Z
326088,2009-04-16T01:38:35Z,2009-04-16T01:38:35Z
326089,2009-04-16T01:38:58Z,2009-04-16T01:38:59Z
326090,2009-04-16T01:39:16Z,2009-04-16T01:39:17Z
326091,2009-04-16T01:39:28Z,2009-04-16T01:39:29Z
326093,2009-04-16T01:40:08Z,2009-04-16T01:40:09Z
326094,2009-04-16T01:40:27Z,2009-04-16T01:40:27Z
326095,2009-04-16T01:40:36Z,2009-04-16T01:40:37Z
326096,2009-04-16T01:40:47Z,2009-04-16T01:40:47Z
326097,2009-04-16T01:41:09Z,2009-04-16T01:41:10Z
326098,2009-04-16T01:41:18Z,2009-04-16T01:41:19Z
326099,2009-04-16T01:41:42Z,2009-04-16T01:41:43Z
326100,2009-04-16T01:41:59Z,2009-04-16T01:41:59Z
326101,2009-04-16T01:42:53Z,2009-04-16T01:42:54Z
326102,2009-04-16T01:43:02Z,2009-04-16T01:43:02Z
326103,2009-04-16T01:43:14Z,2009-04-16T01:43:15Z
326104,2009-04-16T01:43:32Z,2009-04-16T01:43:33Z
326105,2009-04-16T01:44:01Z,2009-04-16T01:44:02Z
326106,2009-04-16T01:44:33Z,2009-04-16T01:44:34Z
326107,2009-04-16T01:44:44Z,2009-04-16T01:44:45Z
326108,2009-04-16T01:45:08Z,2009-04-16T01:45:08Z
326109,2009-04-16T01:45:22Z,2009-04-16T01:45:22Z
326110,2009-04-16T01:45:50Z,2009-04-16T01:45:51Z
326111,2009-04-16T01:46:03Z,2009-04-16T01:46:03Z
326112,2009-04-16T01:46:14Z,2009-04-16T01:46:15Z
326113,2009-04-16T01:46:41Z,2009-04-16T01:46:42Z
326114,2009-04-16T01:47:07Z,2009-04-16T01:47:07Z
326115,2009-04-16T01:47:38Z,2009-04-16T01:47:39Z
326116,2009-04-16T01:47:58Z,2009-04-16T01:47:59Z
326117,2009-04-16T01:48:26Z,2009-04-16T01:48:27Z
326118,2009-04-16T01:48:37Z,2009-04-16T01:48:38Z
326119,2009-04-16T01:48:50Z,2009-04-16T01:48:51Z
326120,2009-04-16T01:49:16Z,2009-04-16T01:49:17Z
326121,2009-04-16T01:49:33Z,2009-04-16T01:49:33Z
326122,2009-04-16T01:49:47Z,2009-04-16T01:49:48Z
326123,2009-04-16T01:49:58Z,2009-04-16T01:50:00Z
326124,2009-04-16T01:50:16Z,2009-04-16T01:50:16Z
326125,2009-04-16T01:50:33Z,2009-04-16T01:50:34Z
326126,2009-04-16T01:50:46Z,2009-04-16T01:50:46Z
326128,2009-04-16T01:51:36Z,2009-04-16T01:51:36Z
326129,2009-04-16T01:52:07Z,2009-04-16T01:52:07Z
326130,2009-04-16T01:52:24Z,2009-04-16T01:52:25Z
326131,2009-04-16T01:52:46Z,2009-04-16T01:52:46Z
326132,2009-04-16T01:53:10Z,2009-04-16T01:53:11Z
326133,2009-04-16T01:53:32Z,2009-04-16T01:53:33Z
326134,2009-04-16T01:54:10Z,2009-04-16T01:54:11Z
326135,2009-04-16T01:54:38Z,2009-04-16T01:54:39Z
326136,2009-04-16T01:54:53Z,2009-04-16T01:54:53Z
326137,2009-04-16T01:55:43Z,2009-04-16T01:55:43Z
326138,2009-04-16T01:56:16Z,2009-04-16T01:56:17Z
326139,2009-04-16T01:56:25Z,2009-04-16T01:56:26Z
326140,2009-04-16T01:56:41Z,2009-04-16T01:56:42Z
326141,2009-04-16T01:56:59Z,2009-04-16T01:57:00Z
326142,2009-04-16T01:57:17Z,2009-04-16T01:57:17Z
326144,2009-04-16T01:57:56Z,2009-04-16T01:57:56Z
326146,2009-04-16T01:58:15Z,2009-04-16T01:58:15Z
326147,2009-04-16T01:58:27Z,2009-04-16T01:58:27Z
326148,2009-04-16T01:58:42Z,2009-04-16T01:58:42Z
326150,2009-04-16T01:59:15Z,2009-04-16T01:59:16Z
326151,2009-04-16T01:59:28Z,2009-04-16T01:59:29Z
326152,2009-04-16T01:59:48Z,2009-04-16T01:59:48Z
326154,2009-04-16T02:00:12Z,2009-04-16T02:00:13Z
326155,2009-04-16T02:00:45Z,2009-04-16T02:00:46Z
326156,2009-04-16T02:00:58Z,2009-04-16T02:00:58Z
326157,2009-04-16T02:01:08Z,2009-04-16T02:01:09Z
326158,2009-04-16T02:01:27Z,2009-04-16T02:01:28Z
326159,2009-04-16T02:01:41Z,2009-04-16T02:01:42Z
326160,2009-04-16T02:01:55Z,2009-04-16T02:01:56Z
326162,2009-04-16T02:02:43Z,2009-04-16T02:02:43Z
326164,2009-04-16T02:03:16Z,2009-04-16T02:03:17Z
326165,2009-04-16T02:03:29Z,2009-04-16T02:03:30Z
326166,2009-04-16T02:03:45Z,2009-04-16T02:03:46Z
326167,2009-04-16T02:03:58Z,2009-04-16T02:03:58Z
326168,2009-04-16T02:04:24Z,2009-04-16T02:04:24Z
326170,2009-04-16T02:04:55Z,2009-04-16T02:04:56Z
326172,2009-04-16T02:05:22Z,2009-04-16T02:05:22Z
326173,2009-04-16T02:05:35Z,2009-04-16T02:05:36Z
326174,2009-04-16T02:05:59Z,2009-04-16T02:06:00Z
326175,2009-04-16T02:06:25Z,2009-04-16T02:06:25Z
326176,2009-04-16T02:06:52Z,2009-04-16T02:06:52Z
326177,2009-04-16T02:07:05Z,2009-04-16T02:07:06Z
326178,2009-04-16T02:07:46Z,2009-04-16T02:07:46Z
326179,2009-04-16T02:08:03Z,2009-04-16T02:08:04Z
326180,2009-04-16T02:08:34Z,2009-04-16T02:08:35Z
326181,2009-04-16T02:09:00Z,2009-04-16T02:09:01Z
326182,2009-04-16T02:09:28Z,2009-04-16T02:09:29Z
326183,2009-04-16T02:10:08Z,2009-04-16T02:10:09Z
326184,2009-04-16T02:10:28Z,2009-04-16T02:10:28Z
326185,2009-04-16T02:10:44Z,2009-04-16T02:10:45Z
326186,2009-04-16T02:10:56Z,2009-04-16T02:10:57Z
326188,2009-04-16T02:11:18Z,2009-04-16T02:11:19Z
326189,2009-04-16T02:11:27Z,2009-04-16T02:11:27Z
326190,2009-04-16T02:11:44Z,2009-04-16T02:11:45Z
326192,2009-04-16T02:12:30Z,2009-04-16T02:12:31Z
326193,2009-04-16T02:12:48Z,2009-04-16T02:12:49Z
326195,2009-04-16T02:13:08Z,2009-04-16T02:13:08Z
326196,2009-04-16T02:13:18Z,2009-04-16T02:13:19Z
326197,2009-04-16T02:13:29Z,2009-04-16T02:13:29Z
326198,2009-04-16T02:13:41Z,2009-04-16T02:13:42Z
326199,2009-04-16T02:13:57Z,2009-04-16T02:13:58Z
326200,2009-04-16T02:14:27Z,2009-04-16T02:14:27Z
326201,2009-04-16T02:14:37Z,2009-04-16T02:14:38Z
326202,2009-04-16T02:15:07Z,2009-04-16T02:15:08Z
326203,2009-04-16T02:15:19Z,2009-04-16T02:15:19Z
326204,2009-04-16T02:15:32Z,2009-04-16T02:15:33Z
326205,2009-04-16T02:15:46Z,2009-04-16T02:15:47Z
326206,2009-04-16T02:16:03Z,2009-04-16T02:16:04Z
326207,2009-04-16T02:16:15Z,2009-04-16T02:16:16Z
326208,2009-04-16T02:16:28Z,2009-04-16T02:16:29Z
326209,2009-04-16T02:16:38Z,2009-04-16T02:16:39Z
326211,2009-04-16T02:16:57Z,2009-04-16T02:16:58Z
326212,2009-04-16T02:17:10Z,2009-04-16T02:17:11Z
326213,2009-04-16T02:17:39Z,2009-04-16T02:17:40Z
326214,2009-04-16T02:17:53Z,2009-04-16T02:17:54Z
326215,2009-04-16T02:18:08Z,2009-04-16T02:18:09Z
326216,2009-04-16T02:18:21Z,2009-04-16T02:18:22Z
326217,2009-04-16T02:18:54Z,2009-04-16T02:18:55Z
326218,2009-04-16T02:19:26Z,2009-04-16T02:19:27Z
326219,2009-04-16T02:19:48Z,2009-04-16T02:19:49Z
326220,2009-04-16T02:20:03Z,2009-04-16T02:20:03Z
326221,2009-04-16T02:20:16Z,2009-04-16T02:20:17Z
326222,2009-04-16T02:20:33Z,2009-04-16T02:20:33Z
326224,2009-04-16T02:20:57Z,2009-04-16T02:20:58Z
326225,2009-04-16T02:21:09Z,2009-04-16T02:21:09Z
326226,2009-04-16T02:21:38Z,2009-04-16T02:21:39Z
326227,2009-04-16T02:22:01Z,2009-04-16T02:22:01Z
326228,2009-04-16T02:22:18Z,2009-04-16T02:22:19Z
326229,2009-04-16T02:22:32Z,2009-04-16T02:22:33Z
326230,2009-04-16T02:22:48Z,2009-04-16T02:22:49Z
326231,2009-04-16T02:23:06Z,2009-04-16T02:23:06Z
326232,2009-04-16T02:23:21Z,2009-04-16T02:23:21Z
326233,2009-04-16T02:23:46Z,2009-04-16T02:23:47Z
326234,2009-04-16T02:23:56Z,2009-04-16T02:23:57Z
326235,2009-04-16T02:24:06Z,2009-04-16T02:24:07Z
326236,2009-04-16T02:24:23Z,2009-04-16T02:24:24Z
326238,2009-04-16T02:24:44Z,2009-04-16T02:24:45Z
326239,2009-04-16T02:24:59Z,2009-04-16T02:25:00Z
326240,2009-04-16T02:25:48Z,2009-04-16T02:25:48Z
326241,2009-04-16T02:26:05Z,2009-04-16T02:26:06Z
326242,2009-04-16T02:26:19Z,2009-04-16T02:26:19Z
326243,2009-04-16T02:26:31Z,2009-04-16T02:26:31Z
326244,2009-04-16T02:26:55Z,2009-04-16T02:26:55Z
326245,2009-04-16T02:27:05Z,2009-04-16T02:27:06Z
326246,2009-04-16T02:27:19Z,2009-04-16T02:27:20Z
326247,2009-04-16T02:27:30Z,2009-04-16T02:27:31Z
326248,2009-04-16T02:27:43Z,2009-04-16T02:27:44Z
326249,2009-04-16T02:27:56Z,2009-04-16T02:27:57Z
326250,2009-04-16T02:28:12Z,2009-04-16T02:28:13Z
326251,2009-04-16T02:28:24Z,2009-04-16T02:28:24Z
326252,2009-04-16T02:29:13Z,2009-04-16T02:29:14Z
326253,2009-04-16T02:30:12Z,2009-04-16T02:30:13Z
326254,2009-04-16T02:30:38Z,2009-04-16T02:30:39Z
326255,2009-04-16T02:30:47Z,2009-04-16T02:30:48Z
326256,2009-04-16T02:31:23Z,2009-04-16T02:31:23Z
326257,2009-04-16T02:31:35Z,2009-04-16T02:31:36Z
326258,2009-04-16T02:32:14Z,2009-04-16T02:32:15Z
326259,2009-04-16T02:32:29Z,2009-04-16T02:32:30Z
326260,2009-04-16T02:32:50Z,2009-04-16T02:32:51Z
326261,2009-04-16T02:33:00Z,2009-04-16T02:33:01Z
326262,2009-04-16T02:33:16Z,2009-04-16T02:33:16Z
326263,2009-04-16T02:33:37Z,2009-04-16T02:33:38Z
326264,2009-04-16T02:33:56Z,2009-04-16T02:33:56Z
326265,2009-04-16T02:34:20Z,2009-04-16T02:34:21Z
326266,2009-04-16T02:34:36Z,2009-04-16T02:34:36Z
326267,2009-04-16T02:34:51Z,2009-04-16T02:34:52Z
326268,2009-04-16T02:35:06Z,2009-04-16T02:35:07Z
326269,2009-04-16T02:35:20Z,2009-04-16T02:35:21Z
326270,2009-04-16T02:35:36Z,2009-04-16T02:35:37Z
326271,2009-04-16T02:35:50Z,2009-04-16T02:35:51Z
326273,2009-04-16T02:36:19Z,2009-04-16T02:36:20Z
326274,2009-04-16T02:36:58Z,2009-04-16T02:36:59Z
326275,2009-04-16T02:37:13Z,2009-04-16T02:37:14Z
326276,2009-04-16T02:37:23Z,2009-04-16T02:37:24Z
326277,2009-04-16T02:37:39Z,2009-04-16T02:37:40Z
326278,2009-04-16T02:38:00Z,2009-04-16T02:38:01Z
326279,2009-04-16T02:38:25Z,2009-04-16T02:38:25Z
326280,2009-04-16T02:38:41Z,2009-04-16T02:38:41Z
326281,2009-04-16T02:39:13Z,2009-04-16T02:39:14Z
326282,2009-04-16T02:39:23Z,2009-04-16T02:39:24Z
326283,2009-04-16T02:39:35Z,2009-04-16T02:39:35Z
326284,2009-04-16T02:39:55Z,2009-04-16T02:39:56Z
326285,2009-04-16T02:40:06Z,2009-04-16T02:40:07Z
326286,2009-04-16T02:40:18Z,2009-04-16T02:40:19Z
326287,2009-04-16T02:40:44Z,2009-04-16T02:40:45Z
326288,2009-04-16T02:41:14Z,2009-04-16T02:41:15Z
326289,2009-04-16T02:41:30Z,2009-04-16T02:41:31Z
326290,2009-04-16T02:41:57Z,2009-04-16T02:41:58Z
326291,2009-04-16T02:42:10Z,2009-04-16T02:42:11Z
326292,2009-04-16T02:42:42Z,2009-04-16T02:42:42Z
326293,2009-04-16T02:43:22Z,2009-04-16T02:43:23Z
326294,2009-04-16T02:44:20Z,2009-04-16T02:44:21Z
326295,2009-04-16T02:44:52Z,2009-04-16T02:44:52Z
326296,2009-04-16T02:45:06Z,2009-04-16T02:45:07Z
326297,2009-04-16T02:45:22Z,2009-04-16T02:45:23Z
326298,2009-04-16T02:45:31Z,2009-04-16T02:45:32Z
326299,2009-04-16T02:46:00Z,2009-04-16T02:46:01Z
326300,2009-04-16T02:46:29Z,2009-04-16T02:46:30Z
326301,2009-04-16T02:46:50Z,2009-04-16T02:46:50Z
326302,2009-04-16T02:47:07Z,2009-04-16T02:47:08Z
326303,2009-04-16T02:47:25Z,2009-04-16T02:47:25Z
326304,2009-04-16T02:47:33Z,2009-04-16T02:47:34Z
326305,2009-04-16T02:47:52Z,2009-04-16T02:47:53Z
326306,2009-04-16T02:48:07Z,2009-04-16T02:48:07Z
326307,2009-04-16T02:48:21Z,2009-04-16T02:48:22Z
326308,2009-04-16T02:48:34Z,2009-04-16T02:48:35Z
326309,2009-04-16T02:49:00Z,2009-04-16T02:49:01Z
326310,2009-04-16T02:49:11Z,2009-04-16T02:49:12Z
326311,2009-04-16T02:49:26Z,2009-04-16T02:49:27Z
326312,2009-04-16T02:49:36Z,2009-04-16T02:49:36Z
326313,2009-04-16T02:49:53Z,2009-04-16T02:49:54Z
326314,2009-04-16T02:50:12Z,2009-04-16T02:50:13Z
326315,2009-04-16T02:50:41Z,2009-04-16T02:50:41Z
326316,2009-04-16T02:50:54Z,2009-04-16T02:50:55Z
326317,2009-04-16T02:51:24Z,2009-04-16T02:51:24Z
326318,2009-04-16T02:51:36Z,2009-04-16T02:51:36Z
326319,2009-04-16T02:51:45Z,2009-04-16T02:51:46Z
326320,2009-04-16T02:52:02Z,2009-04-16T02:52:03Z
326321,2009-04-16T02:52:11Z,2009-04-16T02:52:12Z
326322,2009-04-16T02:52:40Z,2009-04-16T02:52:41Z
326323,2009-04-16T02:52:52Z,2009-04-16T02:52:52Z
326324,2009-04-16T02:53:07Z,2009-04-16T02:53:08Z
326325,2009-04-16T02:53:48Z,2009-04-16T02:53:49Z
326326,2009-04-16T02:54:02Z,2009-04-16T02:54:02Z
326327,2009-04-16T02:54:17Z,2009-04-16T02:54:18Z
326328,2009-04-16T02:54:37Z,2009-04-16T02:54:38Z
326329,2009-04-16T02:54:55Z,2009-04-16T02:54:55Z
326330,2009-04-16T02:55:06Z,2009-04-16T02:55:07Z
326331,2009-04-16T02:55:21Z,2009-04-16T02:55:22Z
326333,2009-04-16T02:56:01Z,2009-04-16T02:56:02Z
326334,2009-04-16T02:56:36Z,2009-04-16T02:56:37Z
326335,2009-04-16T02:56:56Z,2009-04-16T02:56:56Z
326336,2009-04-16T02:57:23Z,2009-04-16T02:57:24Z
326338,2009-04-16T02:57:56Z,2009-04-16T02:57:57Z
326339,2009-04-16T02:58:12Z,2009-04-16T02:58:13Z
326340,2009-04-16T02:58:29Z,2009-04-16T02:58:29Z
326341,2009-04-16T02:58:49Z,2009-04-16T02:58:50Z
326342,2009-04-16T02:59:01Z,2009-04-16T02:59:02Z
326343,2009-04-16T02:59:15Z,2009-04-16T02:59:15Z
326344,2009-04-16T02:59:24Z,2009-04-16T02:59:26Z
326345,2009-04-16T02:59:39Z,2009-04-16T02:59:40Z
326347,2009-04-16T03:00:09Z,2009-04-16T03:00:09Z
326349,2009-04-16T03:00:33Z,2009-04-16T03:00:34Z
326350,2009-04-16T03:01:04Z,2009-04-16T03:01:04Z
326351,2009-04-16T03:01:15Z,2009-04-16T03:01:16Z
326352,2009-04-16T03:01:57Z,2009-04-16T03:01:58Z
326354,2009-04-16T03:02:37Z,2009-04-16T03:02:37Z
326355,2009-04-16T03:02:49Z,2009-04-16T03:02:51Z
326357,2009-04-16T03:03:15Z,2009-04-16T03:03:16Z
326358,2009-04-16T03:03:34Z,2009-04-16T03:03:34Z
326359,2009-04-16T03:03:45Z,2009-04-16T03:03:45Z
326360,2009-04-16T03:04:40Z,2009-04-16T03:04:41Z
326361,2009-04-16T03:04:59Z,2009-04-16T03:05:00Z
326362,2009-04-16T03:05:23Z,2009-04-16T03:05:24Z
326363,2009-04-16T03:05:33Z,2009-04-16T03:05:34Z
326364,2009-04-16T03:05:50Z,2009-04-16T03:05:51Z
326365,2009-04-16T03:06:07Z,2009-04-16T03:06:08Z
326366,2009-04-16T03:06:16Z,2009-04-16T03:06:17Z
326367,2009-04-16T03:06:30Z,2009-04-16T03:06:31Z
326368,2009-04-16T03:06:48Z,2009-04-16T03:06:49Z
326369,2009-04-16T03:07:14Z,2009-04-16T03:07:15Z
326370,2009-04-16T03:07:26Z,2009-04-16T03:07:27Z
326371,2009-04-16T03:07:40Z,2009-04-16T03:07:40Z
326374,2009-04-16T03:08:41Z,2009-04-16T03:08:42Z
326375,2009-04-16T03:09:02Z,2009-04-16T03:09:03Z
326376,2009-04-16T03:09:20Z,2009-04-16T03:09:20Z
326377,2009-04-16T03:09:34Z,2009-04-16T03:09:35Z
326378,2009-04-16T03:09:45Z,2009-04-16T03:09:45Z
326379,2009-04-16T03:09:58Z,2009-04-16T03:09:59Z
326381,2009-04-16T03:10:22Z,2009-04-16T03:10:22Z
326382,2009-04-16T03:10:34Z,2009-04-16T03:10:35Z
326383,2009-04-16T03:10:50Z,2009-04-16T03:10:51Z
326384,2009-04-16T03:11:15Z,2009-04-16T03:11:16Z
326386,2009-04-16T03:11:47Z,2009-04-16T03:11:47Z
326387,2009-04-16T03:12:00Z,2009-04-16T03:12:00Z
326388,2009-04-16T03:12:17Z,2009-04-16T03:12:18Z
326389,2009-04-16T03:12:33Z,2009-04-16T03:12:34Z
326390,2009-04-16T03:12:43Z,2009-04-16T03:12:43Z
326391,2009-04-16T03:12:56Z,2009-04-16T03:12:57Z
326392,2009-04-16T03:13:18Z,2009-04-16T03:13:19Z
326393,2009-04-16T03:13:29Z,2009-04-16T03:13:30Z
326394,2009-04-16T03:13:49Z,2009-04-16T03:13:50Z
326395,2009-04-16T03:14:34Z,2009-04-16T03:14:35Z
326396,2009-04-16T03:14:50Z,2009-04-16T03:14:50Z
326398,2009-04-16T03:15:22Z,2009-04-16T03:15:22Z
326400,2009-04-16T03:15:46Z,2009-04-16T03:15:46Z
326401,2009-04-16T03:16:03Z,2009-04-16T03:16:03Z
326402,2009-04-16T03:16:15Z,2009-04-16T03:16:16Z
326403,2009-04-16T03:16:37Z,2009-04-16T03:16:37Z
326404,2009-04-16T03:16:51Z,2009-04-16T03:16:52Z
326405,2009-04-16T03:17:17Z,2009-04-16T03:17:18Z
326406,2009-04-16T03:17:28Z,2009-04-16T03:17:29Z
326408,2009-04-16T03:17:49Z,2009-04-16T03:17:50Z
326409,2009-04-16T03:18:13Z,2009-04-16T03:18:14Z
326412,2009-04-16T03:19:30Z,2009-04-16T03:19:30Z
326413,2009-04-16T03:19:47Z,2009-04-16T03:19:48Z
326414,2009-04-16T03:20:15Z,2009-04-16T03:20:16Z
326415,2009-04-16T03:20:28Z,2009-04-16T03:20:28Z
326416,2009-04-16T03:40:22Z,2009-04-16T03:40:24Z
326417,2009-04-16T03:40:39Z,2009-04-16T03:40:40Z
326418,2009-04-16T03:40:49Z,2009-04-16T03:40:50Z
326419,2009-04-16T03:40:59Z,2009-04-16T03:40:59Z
326420,2009-04-16T03:41:13Z,2009-04-16T03:41:14Z
326422,2009-04-16T03:41:40Z,2009-04-16T03:41:41Z
326423,2009-04-16T03:41:55Z,2009-04-16T03:41:56Z
326424,2009-04-16T03:42:03Z,2009-04-16T03:42:04Z
326425,2009-04-16T03:42:13Z,2009-04-16T03:42:14Z
326427,2009-04-16T03:42:38Z,2009-04-16T03:42:39Z
326428,2009-04-16T03:42:50Z,2009-04-16T03:42:51Z
326429,2009-04-16T03:43:17Z,2009-04-16T03:43:18Z
326430,2009-04-16T03:43:29Z,2009-04-16T03:43:30Z
326431,2009-04-16T03:43:44Z,2009-04-16T03:43:45Z
326432,2009-04-16T03:44:15Z,2009-04-16T03:44:16Z
326433,2009-04-16T03:44:43Z,2009-04-16T03:44:44Z
326434,2009-04-16T03:44:54Z,2009-04-16T03:44:55Z
326435,2009-04-16T03:45:07Z,2009-04-16T03:45:07Z
326436,2009-04-16T03:45:34Z,2009-04-16T03:45:34Z
326437,2009-04-16T03:45:51Z,2009-04-16T03:45:52Z
326438,2009-04-16T03:46:00Z,2009-04-16T03:46:01Z
326439,2009-04-16T03:46:13Z,2009-04-16T03:46:14Z
326440,2009-04-16T03:46:38Z,2009-04-16T03:46:39Z
326441,2009-04-16T03:46:51Z,2009-04-16T03:46:51Z
326442,2009-04-16T03:47:06Z,2009-04-16T03:47:07Z
326443,2009-04-16T03:47:33Z,2009-04-16T03:47:34Z
326444,2009-04-16T03:47:46Z,2009-04-16T03:47:47Z
326445,2009-04-16T03:47:57Z,2009-04-16T03:47:58Z
326446,2009-04-16T03:48:28Z,2009-04-16T03:48:29Z
326447,2009-04-16T03:49:06Z,2009-04-16T03:49:06Z
326448,2009-04-16T03:49:18Z,2009-04-16T03:49:18Z
326449,2009-04-16T03:49:26Z,2009-04-16T03:49:27Z
326450,2009-04-16T03:49:38Z,2009-04-16T03:49:38Z
326451,2009-04-16T03:49:52Z,2009-04-16T03:49:53Z
326452,2009-04-16T03:50:16Z,2009-04-16T03:50:17Z
326453,2009-04-16T03:50:35Z,2009-04-16T03:50:35Z
326454,2009-04-16T03:50:45Z,2009-04-16T03:50:45Z
326455,2009-04-16T03:50:58Z,2009-04-16T03:50:59Z
326456,2009-04-16T03:51:36Z,2009-04-16T03:51:37Z
326457,2009-04-16T03:51:45Z,2009-04-16T03:51:46Z
326458,2009-04-16T03:51:58Z,2009-04-16T03:51:59Z
326459,2009-04-16T03:52:10Z,2009-04-16T03:52:11Z
326460,2009-04-16T03:52:59Z,2009-04-16T03:53:00Z
326461,2009-04-16T03:53:33Z,2009-04-16T03:53:33Z
326462,2009-04-16T03:54:02Z,2009-04-16T03:54:03Z
326463,2009-04-16T03:54:20Z,2009-04-16T03:54:20Z
326464,2009-04-16T03:54:53Z,2009-04-16T03:54:54Z
326465,2009-04-16T03:55:02Z,2009-04-16T03:55:02Z
326466,2009-04-16T03:55:14Z,2009-04-16T03:55:14Z
326467,2009-04-16T03:55:54Z,2009-04-16T03:55:55Z
326468,2009-04-16T03:56:04Z,2009-04-16T03:56:05Z
326469,2009-04-16T03:56:29Z,2009-04-16T03:56:30Z
326471,2009-04-16T03:58:19Z,2009-04-16T03:58:20Z
326472,2009-04-16T03:58:28Z,2009-04-16T03:58:29Z
326473,2009-04-16T03:58:45Z,2009-04-16T03:58:46Z
326474,2009-04-16T03:58:54Z,2009-04-16T03:58:54Z
326475,2009-04-16T03:59:05Z,2009-04-16T03:59:06Z
326476,2009-04-16T03:59:56Z,2009-04-16T03:59:56Z
326477,2009-04-16T04:00:11Z,2009-04-16T04:00:11Z
326478,2009-04-16T04:00:49Z,2009-04-16T04:00:50Z
326479,2009-04-16T04:00:59Z,2009-04-16T04:01:00Z
326480,2009-04-16T04:01:39Z,2009-04-16T04:01:40Z
326481,2009-04-16T04:01:51Z,2009-04-16T04:01:52Z
326482,2009-04-16T04:02:05Z,2009-04-16T04:02:06Z
326483,2009-04-16T04:02:36Z,2009-04-16T04:02:37Z
326485,2009-04-16T04:03:11Z,2009-04-16T04:03:11Z
326486,2009-04-16T04:03:44Z,2009-04-16T04:03:45Z
326487,2009-04-16T04:04:22Z,2009-04-16T04:04:23Z
326488,2009-04-16T04:04:31Z,2009-04-16T04:04:32Z
326489,2009-04-16T04:05:02Z,2009-04-16T04:05:02Z
326490,2009-04-16T04:05:15Z,2009-04-16T04:05:16Z
326491,2009-04-16T04:06:07Z,2009-04-16T04:06:08Z
326492,2009-04-16T04:06:22Z,2009-04-16T04:06:23Z
326493,2009-04-16T04:06:54Z,2009-04-16T04:06:55Z
326494,2009-04-16T04:07:48Z,2009-04-16T04:07:49Z
326495,2009-04-16T04:08:05Z,2009-04-16T04:08:06Z
326496,2009-04-16T04:08:59Z,2009-04-16T04:09:00Z
326497,2009-04-16T04:09:30Z,2009-04-16T04:09:31Z
326498,2009-04-16T04:09:41Z,2009-04-16T04:09:42Z
326499,2009-04-16T04:09:50Z,2009-04-16T04:09:51Z
326500,2009-04-16T04:10:35Z,2009-04-16T04:10:35Z
326501,2009-04-16T04:10:50Z,2009-04-16T04:10:51Z
326502,2009-04-16T04:11:07Z,2009-04-16T04:11:08Z
326503,2009-04-16T04:11:24Z,2009-04-16T04:11:24Z
326504,2009-04-16T04:11:46Z,2009-04-16T04:11:47Z
326505,2009-04-16T04:12:03Z,2009-04-16T04:12:04Z
326506,2009-04-16T04:12:15Z,2009-04-16T04:12:15Z
326507,2009-04-16T04:12:31Z,2009-04-16T04:12:32Z
326508,2009-04-16T04:12:47Z,2009-04-16T04:12:48Z
326509,2009-04-16T04:13:18Z,2009-04-16T04:13:19Z
326510,2009-04-16T04:13:32Z,2009-04-16T04:13:33Z
326511,2009-04-16T04:13:47Z,2009-04-16T04:13:47Z
326512,2009-04-16T04:14:06Z,2009-04-16T04:14:07Z
326513,2009-04-16T04:14:19Z,2009-04-16T04:14:20Z
326514,2009-04-16T04:15:03Z,2009-04-16T04:15:03Z
326515,2009-04-16T04:15:18Z,2009-04-16T04:15:19Z
326516,2009-04-16T04:15:40Z,2009-04-16T04:15:40Z
326517,2009-04-16T04:16:25Z,2009-04-16T04:16:26Z
326518,2009-04-16T04:16:34Z,2009-04-16T04:16:34Z
326519,2009-04-16T04:16:43Z,2009-04-16T04:16:44Z
326520,2009-04-16T04:17:19Z,2009-04-16T04:17:19Z
326521,2009-04-16T04:17:53Z,2009-04-16T04:17:54Z
326522,2009-04-16T04:18:06Z,2009-04-16T04:18:07Z
326698,2009-04-16T08:55:27Z,2009-04-16T08:55:27Z
326707,2009-04-16T16:25:59Z,2009-04-16T16:25:59Z
320702,2009-04-01T05:58:13Z,2009-04-16T18:46:28Z
326716,2009-04-16T22:16:48Z,2009-04-16T22:16:48Z
326959,2009-04-17T10:11:17Z,2009-04-17T10:11:17Z
13350,2008-04-14T15:01:13Z,2009-04-17T10:40:01Z
326970,2009-04-17T16:26:45Z,2009-04-17T16:26:45Z
326972,2009-04-17T21:08:03Z,2009-04-17T21:08:03Z
327098,2009-04-18T11:29:32Z,2009-04-18T11:31:09Z
318964,2009-03-11T15:22:49Z,2009-04-18T12:06:11Z
327100,2009-04-18T21:14:36Z,2009-04-18T21:51:37Z
151115,2009-01-13T17:10:32Z,2009-04-19T01:51:28Z
327297,2009-04-19T11:37:03Z,2009-04-19T11:37:03Z
327305,2009-04-19T21:10:28Z,2009-04-19T21:10:28Z
327442,2009-04-20T08:55:03Z,2009-04-20T08:55:03Z
15578,2008-07-17T19:11:30Z,2009-04-21T05:02:51Z
327647,2009-04-21T21:19:21Z,2009-04-21T21:19:21Z
327649,2009-04-21T22:12:24Z,2009-04-21T22:12:40Z
320540,2009-03-23T06:37:16Z,2009-04-22T22:02:48Z
328105,2009-04-23T08:40:22Z,2009-04-23T08:40:24Z
328106,2009-04-23T08:40:41Z,2009-04-23T08:40:42Z
328107,2009-04-23T08:40:51Z,2009-04-23T08:40:52Z
328108,2009-04-23T08:41:06Z,2009-04-23T08:41:07Z
328109,2009-04-23T08:41:18Z,2009-04-23T08:41:19Z
328110,2009-04-23T08:41:28Z,2009-04-23T08:41:29Z
328111,2009-04-23T08:41:41Z,2009-04-23T08:41:41Z
328112,2009-04-23T08:41:57Z,2009-04-23T08:41:57Z
328113,2009-04-23T08:42:06Z,2009-04-23T08:42:07Z
328115,2009-04-23T08:42:29Z,2009-04-23T08:42:30Z
328116,2009-04-23T08:42:44Z,2009-04-23T08:42:44Z
328117,2009-04-23T08:42:55Z,2009-04-23T08:42:56Z
328118,2009-04-23T08:43:08Z,2009-04-23T08:43:09Z
328119,2009-04-23T08:43:25Z,2009-04-23T08:43:26Z
328120,2009-04-23T08:43:34Z,2009-04-23T08:43:35Z
328121,2009-04-23T08:43:42Z,2009-04-23T08:43:43Z
328122,2009-04-23T08:44:01Z,2009-04-23T08:44:02Z
328123,2009-04-23T08:44:15Z,2009-04-23T08:44:16Z
328124,2009-04-23T08:44:40Z,2009-04-23T08:44:41Z
328126,2009-04-23T08:45:07Z,2009-04-23T08:45:08Z
328127,2009-04-23T08:45:44Z,2009-04-23T08:45:45Z
328128,2009-04-23T08:45:55Z,2009-04-23T08:45:55Z
328129,2009-04-23T08:46:14Z,2009-04-23T08:46:15Z
328130,2009-04-23T08:46:32Z,2009-04-23T08:46:33Z
328131,2009-04-23T08:46:57Z,2009-04-23T08:46:58Z
328132,2009-04-23T08:47:21Z,2009-04-23T08:47:22Z
328133,2009-04-23T08:47:52Z,2009-04-23T08:47:53Z
328134,2009-04-23T08:48:04Z,2009-04-23T08:48:04Z
328135,2009-04-23T08:48:15Z,2009-04-23T08:48:16Z
328137,2009-04-23T08:49:02Z,2009-04-23T08:49:02Z
328138,2009-04-23T08:49:35Z,2009-04-23T08:49:36Z
328139,2009-04-23T08:49:54Z,2009-04-23T08:49:55Z
328140,2009-04-23T08:50:11Z,2009-04-23T08:50:11Z
328141,2009-04-23T08:50:28Z,2009-04-23T08:50:29Z
328142,2009-04-23T08:50:40Z,2009-04-23T08:50:42Z
328143,2009-04-23T08:50:59Z,2009-04-23T08:51:01Z
328146,2009-04-23T08:51:56Z,2009-04-23T08:51:57Z
328147,2009-04-23T08:52:09Z,2009-04-23T08:52:10Z
328148,2009-04-23T08:52:28Z,2009-04-23T08:52:28Z
328150,2009-04-23T08:52:47Z,2009-04-23T08:52:47Z
328151,2009-04-23T08:53:06Z,2009-04-23T08:53:06Z
328152,2009-04-23T08:53:19Z,2009-04-23T08:53:20Z
328153,2009-04-23T08:53:32Z,2009-04-23T08:53:33Z
328154,2009-04-23T08:54:28Z,2009-04-23T08:54:29Z
328155,2009-04-23T08:54:52Z,2009-04-23T08:54:52Z
328156,2009-04-23T08:55:03Z,2009-04-23T08:55:04Z
328157,2009-04-23T08:55:39Z,2009-04-23T08:55:40Z
328158,2009-04-23T08:55:54Z,2009-04-23T08:55:55Z
328159,2009-04-23T08:56:09Z,2009-04-23T08:56:10Z
328160,2009-04-23T08:56:27Z,2009-04-23T08:56:28Z
328161,2009-04-23T08:56:40Z,2009-04-23T08:56:40Z
328162,2009-04-23T08:57:09Z,2009-04-23T08:57:10Z
328163,2009-04-23T08:57:41Z,2009-04-23T08:57:41Z
328164,2009-04-23T08:57:54Z,2009-04-23T08:57:55Z
328165,2009-04-23T08:58:05Z,2009-04-23T08:58:06Z
328166,2009-04-23T08:58:18Z,2009-04-23T08:58:19Z
328167,2009-04-23T08:58:47Z,2009-04-23T08:58:48Z
328168,2009-04-23T08:58:57Z,2009-04-23T08:58:58Z
328169,2009-04-23T08:59:09Z,2009-04-23T08:59:10Z
328170,2009-04-23T08:59:24Z,2009-04-23T08:59:25Z
328171,2009-04-23T08:59:40Z,2009-04-23T08:59:41Z
328172,2009-04-23T08:59:50Z,2009-04-23T08:59:50Z
328173,2009-04-23T09:00:03Z,2009-04-23T09:00:04Z
328174,2009-04-23T09:00:30Z,2009-04-23T09:00:31Z
328175,2009-04-23T09:01:01Z,2009-04-23T09:01:02Z
328176,2009-04-23T09:01:16Z,2009-04-23T09:01:16Z
328177,2009-04-23T09:01:28Z,2009-04-23T09:01:28Z
328178,2009-04-23T09:01:43Z,2009-04-23T09:01:45Z
328179,2009-04-23T09:01:53Z,2009-04-23T09:01:54Z
328180,2009-04-23T09:02:08Z,2009-04-23T09:02:08Z
328181,2009-04-23T09:02:16Z,2009-04-23T09:02:17Z
328182,2009-04-23T09:02:42Z,2009-04-23T09:02:42Z
328183,2009-04-23T09:02:52Z,2009-04-23T09:02:53Z
328184,2009-04-23T09:03:08Z,2009-04-23T09:03:10Z
328185,2009-04-23T09:03:32Z,2009-04-23T09:03:33Z
328186,2009-04-23T09:03:51Z,2009-04-23T09:03:52Z
328187,2009-04-23T09:04:00Z,2009-04-23T09:04:01Z
328188,2009-04-23T09:04:12Z,2009-04-23T09:04:13Z
328189,2009-04-23T09:04:41Z,2009-04-23T09:04:42Z
328190,2009-04-23T09:04:57Z,2009-04-23T09:04:58Z
328192,2009-04-23T09:05:31Z,2009-04-23T09:05:32Z
328193,2009-04-23T09:05:45Z,2009-04-23T09:05:45Z
328194,2009-04-23T09:05:54Z,2009-04-23T09:05:55Z
328195,2009-04-23T09:06:06Z,2009-04-23T09:06:07Z
328196,2009-04-23T09:06:24Z,2009-04-23T09:06:25Z
328197,2009-04-23T09:06:41Z,2009-04-23T09:06:41Z
328198,2009-04-23T09:07:06Z,2009-04-23T09:07:06Z
328199,2009-04-23T09:07:16Z,2009-04-23T09:07:16Z
328200,2009-04-23T09:07:32Z,2009-04-23T09:07:33Z
328201,2009-04-23T09:07:47Z,2009-04-23T09:07:48Z
328202,2009-04-23T09:08:10Z,2009-04-23T09:08:11Z
328203,2009-04-23T09:08:51Z,2009-04-23T09:08:52Z
328204,2009-04-23T09:09:01Z,2009-04-23T09:09:02Z
328205,2009-04-23T09:09:35Z,2009-04-23T09:09:35Z
328206,2009-04-23T09:09:50Z,2009-04-23T09:09:51Z
328207,2009-04-23T09:10:04Z,2009-04-23T09:10:05Z
328208,2009-04-23T09:10:15Z,2009-04-23T09:10:15Z
328209,2009-04-23T09:10:25Z,2009-04-23T09:10:25Z
328210,2009-04-23T09:10:40Z,2009-04-23T09:10:41Z
328211,2009-04-23T09:11:18Z,2009-04-23T09:11:19Z
328213,2009-04-23T09:11:44Z,2009-04-23T09:11:44Z
328336,2009-04-24T05:27:58Z,2009-04-24T05:27:58Z
318036,2009-02-28T16:09:35Z,2009-04-24T21:47:58Z
328605,2009-04-25T09:08:41Z,2009-04-25T09:08:41Z
328794,2009-04-26T09:42:41Z,2009-04-26T09:42:41Z
311038,2009-02-10T20:38:56Z,2009-04-26T19:06:42Z
7578,2007-08-11T04:07:19Z,2009-04-27T12:52:32Z
329024,2009-04-27T17:46:18Z,2009-04-27T17:46:53Z
12061,2008-02-21T21:43:02Z,2009-04-28T05:22:28Z
331009,2009-04-28T14:45:44Z,2009-04-28T14:45:44Z
332428,2009-04-28T22:50:37Z,2009-04-28T22:50:37Z
10876,2008-01-11T20:48:40Z,2009-04-29T02:07:35Z
3184,2006-10-17T08:24:08Z,2009-04-29T17:05:42Z
334776,2009-04-29T08:51:58Z,2009-04-29T19:46:02Z
337323,2009-04-30T03:31:42Z,2009-04-30T03:31:42Z
338166,2009-04-30T08:02:03Z,2009-04-30T08:02:04Z
338167,2009-04-30T08:02:11Z,2009-04-30T08:02:11Z
338168,2009-04-30T08:02:36Z,2009-04-30T08:02:37Z
